respondent_id,gender,age_group,household_size,region,province,district,survey_date,year,month,school_attendance,health_service_access,clean_water_access,food_security_status,response_complete,missing_fields_count
R0001,Female,50+,10,Central Highlands,South Ridge,District C,2024-03-15,2024,Mar,No,No,Yes,Insecure,False,2
R0002,Female,18-24,3,Central Highlands,South Ridge,District A,2024-02-05,2024,Feb,No,Yes,No,Insecure,False,2
R0003,Male,25-34,7,Central Highlands,South Ridge,District B,2024-01-06,2024,Jan,Yes,Yes,No,Secure,True,0
R0004,Female,50+,8,Central Highlands,North Valley,District B,2024-02-17,2024,Feb,Yes,No,No,Insecure,False,2
R0005,Male,18-24,6,Central Highlands,South Ridge,District A,2024-01-01,2024,Jan,Yes,Yes,Yes,Insecure,True,0
R0006,Male,25-34,2,Central Highlands,North Valley,District A,2024-01-09,2024,Jan,No,Yes,No,Secure,True,0
R0007,Male,25-34,8,Central Highlands,East Plains,District C,2024-01-26,2024,Jan,No,No,Yes,Insecure,False,2
R0008,Male,50+,10,Central Highlands,South Ridge,District C,2024-03-31,2024,Mar,Yes,Yes,No,Insecure,True,0
R0009,Female,35-49,10,Central Highlands,South Ridge,District C,2024-02-26,2024,Feb,No,Yes,No,Insecure,True,0
R0010,Female,25-34,6,Central Highlands,East Plains,District C,2024-03-27,2024,Mar,Yes,No,Yes,Secure,True,0
R0011,Male,18-24,4,Central Highlands,East Plains,District A,2024-01-18,2024,Jan,No,No,No,Insecure,True,0
R0012,Female,18-24,6,Central Highlands,North Valley,District B,2024-04-30,2024,Apr,Yes,Yes,Yes,Insecure,False,1
R0013,Female,35-49,6,Central Highlands,East Plains,District C,2024-01-14,2024,Jan,Yes,No,Yes,Secure,True,0
R0014,Male,35-49,9,Central Highlands,East Plains,District B,2024-03-07,2024,Mar,No,Yes,No,Insecure,True,0
R0015,Female,35-49,7,Central Highlands,East Plains,District C,2024-04-22,2024,Apr,Yes,No,No,Secure,False,2
R0016,Male,18-24,3,Central Highlands,North Valley,District A,2024-01-26,2024,Jan,Yes,No,No,Insecure,False,1
R0017,Female,35-49,10,Central Highlands,North Valley,District C,2024-02-14,2024,Feb,Yes,No,Yes,Insecure,False,2
R0018,Female,50+,9,Central Highlands,South Ridge,District B,2024-02-09,2024,Feb,No,No,No,Insecure,False,1
R0019,Male,50+,3,Central Highlands,East Plains,District C,2024-02-10,2024,Feb,Yes,Yes,Yes,Secure,False,3
R0020,Male,35-49,9,Central Highlands,East Plains,District A,2024-03-15,2024,Mar,Yes,No,Yes,Secure,True,0
R0021,Male,35-49,9,Central Highlands,South Ridge,District A,2024-04-09,2024,Apr,Yes,No,No,Secure,True,0
R0022,Male,50+,6,Central Highlands,North Valley,District C,2024-01-09,2024,Jan,Yes,No,No,Insecure,True,0
R0023,Male,50+,7,Central Highlands,East Plains,District B,2024-01-31,2024,Jan,Yes,No,No,Insecure,True,0
R0024,Male,50+,1,Central Highlands,North Valley,District B,2024-03-14,2024,Mar,No,No,No,Secure,False,2
R0025,Female,25-34,9,Central Highlands,North Valley,District B,2024-03-28,2024,Mar,Yes,No,Yes,Secure,False,2
R0026,Male,50+,2,Central Highlands,East Plains,District B,2024-04-18,2024,Apr,Yes,Yes,No,Insecure,True,0
R0027,Male,50+,6,Central Highlands,East Plains,District A,2024-02-26,2024,Feb,Yes,Yes,Yes,Insecure,True,0
R0028,Male,50+,1,Central Highlands,South Ridge,District B,2024-03-27,2024,Mar,Yes,Yes,No,Insecure,False,3
R0029,Male,35-49,2,Central Highlands,South Ridge,District B,2024-04-13,2024,Apr,No,Yes,Yes,Insecure,False,2
R0030,Male,18-24,10,Central Highlands,North Valley,District C,2024-01-06,2024,Jan,No,Yes,Yes,Secure,False,3
R0031,Male,35-49,2,Central Highlands,South Ridge,District C,2024-02-01,2024,Feb,No,No,No,Secure,True,0
R0032,Female,25-34,7,Central Highlands,South Ridge,District B,2024-01-11,2024,Jan,Yes,No,Yes,Insecure,False,1
R0033,Male,25-34,9,Central Highlands,North Valley,District B,2024-04-29,2024,Apr,Yes,No,No,Insecure,True,0
R0034,Female,18-24,9,Central Highlands,East Plains,District B,2024-02-04,2024,Feb,No,No,No,Secure,True,0
R0035,Female,18-24,2,Central Highlands,South Ridge,District B,2024-03-25,2024,Mar,Yes,No,Yes,Insecure,False,1
R0036,Male,18-24,4,Central Highlands,East Plains,District A,2024-02-02,2024,Feb,Yes,No,No,Insecure,False,2
R0037,Male,18-24,4,Central Highlands,North Valley,District C,2024-01-29,2024,Jan,No,No,No,Secure,False,3
R0038,Female,50+,9,Central Highlands,South Ridge,District B,2024-01-19,2024,Jan,Yes,No,No,Secure,False,3
R0039,Male,18-24,10,Central Highlands,South Ridge,District C,2024-01-17,2024,Jan,No,Yes,Yes,Secure,False,1
R0040,Female,25-34,10,Central Highlands,South Ridge,District A,2024-04-20,2024,Apr,No,No,Yes,Insecure,False,1
R0041,Female,50+,1,Central Highlands,North Valley,District B,2024-04-16,2024,Apr,No,Yes,No,Secure,False,3
R0042,Female,50+,5,Central Highlands,North Valley,District A,2024-03-17,2024,Mar,No,No,Yes,Insecure,False,2
R0043,Male,35-49,1,Central Highlands,East Plains,District B,2024-01-23,2024,Jan,Yes,Yes,Yes,Secure,True,0
R0044,Female,50+,10,Central Highlands,North Valley,District C,2024-01-08,2024,Jan,No,No,No,Secure,False,2
R0045,Female,50+,7,Central Highlands,North Valley,District A,2024-01-07,2024,Jan,No,No,No,Secure,True,0
R0046,Female,35-49,6,Central Highlands,North Valley,District B,2024-04-06,2024,Apr,Yes,No,No,Insecure,True,0
R0047,Female,50+,5,Central Highlands,East Plains,District A,2024-01-11,2024,Jan,Yes,Yes,Yes,Secure,False,1
R0048,Female,35-49,2,Central Highlands,South Ridge,District A,2024-03-05,2024,Mar,No,No,No,Secure,False,1
R0049,Male,50+,9,Central Highlands,East Plains,District C,2024-01-31,2024,Jan,No,No,Yes,Secure,False,1
R0050,Male,25-34,6,Central Highlands,East Plains,District B,2024-01-01,2024,Jan,No,Yes,Yes,Secure,True,0
R0051,Female,35-49,9,Central Highlands,South Ridge,District B,2024-01-06,2024,Jan,Yes,Yes,Yes,Insecure,False,2
R0052,Female,35-49,4,Central Highlands,North Valley,District A,2024-04-30,2024,Apr,No,Yes,Yes,Insecure,True,0
R0053,Female,18-24,3,Central Highlands,East Plains,District C,2024-04-24,2024,Apr,Yes,No,Yes,Insecure,False,1
R0054,Female,25-34,4,Central Highlands,South Ridge,District A,2024-01-19,2024,Jan,No,No,No,Insecure,False,1
R0055,Male,25-34,8,Central Highlands,East Plains,District C,2024-01-18,2024,Jan,No,Yes,Yes,Secure,False,3
R0056,Female,35-49,7,Central Highlands,East Plains,District B,2024-02-24,2024,Feb,No,No,Yes,Insecure,False,3
R0057,Male,50+,1,Central Highlands,South Ridge,District A,2024-04-11,2024,Apr,Yes,Yes,Yes,Secure,False,2
R0058,Male,50+,5,Central Highlands,North Valley,District C,2024-01-02,2024,Jan,Yes,Yes,No,Secure,False,2
R0059,Male,18-24,5,Central Highlands,East Plains,District B,2024-04-19,2024,Apr,No,Yes,Yes,Insecure,False,2
R0060,Male,35-49,7,Central Highlands,South Ridge,District B,2024-03-28,2024,Mar,No,No,Yes,Secure,False,2
R0061,Female,50+,5,Central Highlands,East Plains,District B,2024-02-17,2024,Feb,Yes,Yes,No,Secure,False,2
R0062,Male,35-49,1,Central Highlands,East Plains,District B,2024-04-01,2024,Apr,No,Yes,Yes,Insecure,True,0
R0063,Male,18-24,3,Central Highlands,South Ridge,District C,2024-01-31,2024,Jan,Yes,Yes,Yes,Secure,True,0
R0064,Female,25-34,10,Central Highlands,North Valley,District C,2024-04-01,2024,Apr,No,No,No,Secure,False,2
R0065,Female,50+,5,Central Highlands,North Valley,District A,2024-03-10,2024,Mar,No,Yes,No,Secure,False,3
R0066,Female,50+,8,Central Highlands,East Plains,District C,2024-03-31,2024,Mar,No,Yes,Yes,Insecure,False,2
R0067,Male,35-49,4,Central Highlands,East Plains,District A,2024-03-29,2024,Mar,No,Yes,Yes,Secure,False,3
R0068,Male,50+,8,Central Highlands,East Plains,District A,2024-03-09,2024,Mar,Yes,No,Yes,Secure,False,3
R0069,Female,35-49,4,Central Highlands,North Valley,District A,2024-04-12,2024,Apr,Yes,No,Yes,Insecure,True,0
R0070,Female,25-34,6,Central Highlands,East Plains,District C,2024-04-09,2024,Apr,No,No,No,Secure,True,0
R0071,Male,18-24,6,Central Highlands,South Ridge,District A,2024-01-21,2024,Jan,Yes,Yes,No,Insecure,False,1
R0072,Female,50+,2,Central Highlands,North Valley,District B,2024-01-11,2024,Jan,No,No,Yes,Insecure,False,2
R0073,Female,18-24,5,Central Highlands,East Plains,District C,2024-02-10,2024,Feb,No,Yes,No,Insecure,True,0
R0074,Female,25-34,3,Central Highlands,South Ridge,District B,2024-01-07,2024,Jan,Yes,No,No,Insecure,False,1
R0075,Female,25-34,10,Central Highlands,North Valley,District C,2024-02-20,2024,Feb,Yes,No,Yes,Insecure,True,0
R0076,Male,35-49,9,Central Highlands,South Ridge,District A,2024-01-21,2024,Jan,Yes,Yes,Yes,Insecure,True,0
R0077,Male,50+,2,Central Highlands,North Valley,District C,2024-01-29,2024,Jan,Yes,Yes,No,Secure,True,0
R0078,Male,50+,7,Central Highlands,South Ridge,District C,2024-02-09,2024,Feb,Yes,Yes,Yes,Insecure,False,1
R0079,Male,50+,7,Central Highlands,South Ridge,District C,2024-02-06,2024,Feb,Yes,Yes,Yes,Secure,True,0
R0080,Male,25-34,3,Central Highlands,North Valley,District B,2024-03-06,2024,Mar,No,No,Yes,Secure,False,3
R0081,Male,25-34,1,Central Highlands,North Valley,District C,2024-01-15,2024,Jan,Yes,Yes,Yes,Secure,True,0
R0082,Male,18-24,7,Central Highlands,East Plains,District A,2024-02-02,2024,Feb,Yes,No,Yes,Secure,False,2
R0083,Female,18-24,4,Central Highlands,East Plains,District B,2024-01-20,2024,Jan,No,No,No,Insecure,False,3
R0084,Female,50+,3,Central Highlands,South Ridge,District A,2024-01-01,2024,Jan,No,No,No,Secure,True,0
R0085,Male,35-49,5,Central Highlands,East Plains,District C,2024-04-17,2024,Apr,Yes,No,Yes,Secure,False,3
R0086,Male,50+,6,Central Highlands,North Valley,District A,2024-01-20,2024,Jan,No,Yes,Yes,Secure,False,1
R0087,Female,18-24,10,Central Highlands,South Ridge,District C,2024-03-24,2024,Mar,Yes,Yes,Yes,Insecure,False,1
R0088,Male,25-34,10,Central Highlands,South Ridge,District C,2024-01-17,2024,Jan,Yes,Yes,Yes,Insecure,False,3
R0089,Female,18-24,6,Central Highlands,South Ridge,District B,2024-01-28,2024,Jan,No,No,No,Secure,False,2
R0090,Female,18-24,6,Central Highlands,South Ridge,District B,2024-04-16,2024,Apr,Yes,No,Yes,Secure,False,3
R0091,Female,18-24,10,Central Highlands,South Ridge,District B,2024-04-28,2024,Apr,Yes,No,No,Secure,True,0
R0092,Female,18-24,2,Central Highlands,South Ridge,District A,2024-03-09,2024,Mar,Yes,Yes,No,Insecure,False,2
R0093,Female,35-49,7,Central Highlands,East Plains,District C,2024-01-20,2024,Jan,Yes,Yes,Yes,Insecure,True,0
R0094,Male,50+,10,Central Highlands,North Valley,District A,2024-02-16,2024,Feb,No,No,No,Secure,True,0
R0095,Male,25-34,9,Central Highlands,East Plains,District C,2024-02-06,2024,Feb,Yes,No,Yes,Insecure,False,1
R0096,Male,18-24,2,Central Highlands,North Valley,District C,2024-02-09,2024,Feb,No,Yes,No,Secure,False,1
R0097,Female,25-34,6,Central Highlands,North Valley,District A,2024-03-03,2024,Mar,No,No,Yes,Secure,False,3
R0098,Female,25-34,3,Central Highlands,North Valley,District B,2024-04-21,2024,Apr,No,Yes,Yes,Secure,False,1
R0099,Female,18-24,9,Central Highlands,East Plains,District B,2024-04-21,2024,Apr,Yes,Yes,Yes,Insecure,True,0
R0100,Female,50+,2,Central Highlands,East Plains,District A,2024-03-09,2024,Mar,Yes,Yes,No,Secure,True,0
R0101,Male,18-24,7,Central Highlands,East Plains,District C,2024-03-02,2024,Mar,Yes,No,No,Secure,False,1
R0102,Female,18-24,1,Central Highlands,South Ridge,District A,2024-01-10,2024,Jan,No,Yes,Yes,Secure,True,0
R0103,Male,18-24,8,Central Highlands,South Ridge,District A,2024-01-02,2024,Jan,No,Yes,Yes,Secure,True,0
R0104,Female,35-49,9,Central Highlands,North Valley,District B,2024-02-01,2024,Feb,Yes,No,Yes,Insecure,True,0
R0105,Male,35-49,8,Central Highlands,North Valley,District A,2024-01-10,2024,Jan,No,No,Yes,Insecure,True,0
R0106,Female,18-24,2,Central Highlands,South Ridge,District A,2024-03-18,2024,Mar,No,No,No,Insecure,True,0
R0107,Female,18-24,4,Central Highlands,East Plains,District A,2024-02-21,2024,Feb,Yes,No,No,Insecure,True,0
R0108,Male,18-24,4,Central Highlands,North Valley,District B,2024-04-28,2024,Apr,Yes,No,No,Insecure,True,0
R0109,Female,50+,10,Central Highlands,South Ridge,District B,2024-03-14,2024,Mar,Yes,No,Yes,Secure,False,3
R0110,Female,18-24,5,Central Highlands,North Valley,District A,2024-01-08,2024,Jan,Yes,No,No,Insecure,False,1
R0111,Female,25-34,4,Central Highlands,South Ridge,District B,2024-04-03,2024,Apr,Yes,No,Yes,Insecure,False,2
R0112,Female,25-34,2,Central Highlands,North Valley,District A,2024-02-28,2024,Feb,Yes,Yes,Yes,Insecure,True,0
R0113,Female,18-24,2,Central Highlands,East Plains,District C,2024-02-18,2024,Feb,Yes,No,No,Insecure,True,0
R0114,Female,25-34,5,Central Highlands,North Valley,District B,2024-02-22,2024,Feb,No,Yes,Yes,Insecure,True,0
R0115,Male,25-34,9,Central Highlands,North Valley,District A,2024-01-31,2024,Jan,No,No,Yes,Secure,True,0
R0116,Male,18-24,10,Central Highlands,East Plains,District B,2024-01-04,2024,Jan,No,Yes,Yes,Secure,True,0
R0117,Male,50+,10,Central Highlands,South Ridge,District B,2024-03-30,2024,Mar,No,No,No,Secure,False,3
R0118,Male,25-34,3,Central Highlands,East Plains,District C,2024-04-30,2024,Apr,No,Yes,Yes,Insecure,True,0
R0119,Female,50+,4,Central Highlands,South Ridge,District A,2024-03-13,2024,Mar,Yes,No,No,Secure,True,0
R0120,Female,18-24,7,Central Highlands,East Plains,District C,2024-03-11,2024,Mar,Yes,Yes,No,Insecure,False,3
R0121,Female,18-24,8,Central Highlands,South Ridge,District B,2024-02-19,2024,Feb,Yes,Yes,No,Insecure,True,0
R0122,Female,25-34,7,Central Highlands,North Valley,District C,2024-04-19,2024,Apr,No,No,No,Insecure,False,1
R0123,Male,18-24,5,Central Highlands,North Valley,District A,2024-02-14,2024,Feb,No,No,No,Secure,False,1
R0124,Male,50+,9,Central Highlands,South Ridge,District A,2024-01-08,2024,Jan,Yes,No,No,Insecure,False,2
R0125,Male,25-34,3,Central Highlands,East Plains,District C,2024-04-24,2024,Apr,Yes,Yes,Yes,Insecure,True,0
R0126,Male,18-24,3,Central Highlands,South Ridge,District B,2024-02-02,2024,Feb,No,No,No,Insecure,True,0
R0127,Female,35-49,8,Central Highlands,East Plains,District B,2024-03-03,2024,Mar,Yes,Yes,Yes,Insecure,True,0
R0128,Male,25-34,6,Central Highlands,East Plains,District B,2024-01-08,2024,Jan,No,Yes,No,Secure,False,3
R0129,Male,50+,10,Central Highlands,East Plains,District B,2024-01-20,2024,Jan,No,No,No,Insecure,False,2
R0130,Female,50+,9,Central Highlands,North Valley,District B,2024-01-17,2024,Jan,Yes,Yes,Yes,Insecure,False,3
R0131,Female,35-49,4,Central Highlands,South Ridge,District C,2024-04-10,2024,Apr,No,Yes,Yes,Insecure,True,0
R0132,Male,50+,1,Central Highlands,East Plains,District B,2024-02-11,2024,Feb,Yes,Yes,Yes,Secure,False,2
R0133,Female,25-34,10,Central Highlands,North Valley,District B,2024-01-02,2024,Jan,No,Yes,Yes,Secure,False,2
R0134,Female,18-24,9,Central Highlands,North Valley,District A,2024-01-29,2024,Jan,Yes,No,No,Secure,False,1
R0135,Female,35-49,9,Central Highlands,North Valley,District C,2024-03-18,2024,Mar,Yes,Yes,No,Secure,False,2
R0136,Female,18-24,1,Central Highlands,East Plains,District B,2024-03-10,2024,Mar,Yes,Yes,No,Secure,False,1
R0137,Male,25-34,1,Central Highlands,North Valley,District A,2024-01-21,2024,Jan,Yes,No,No,Insecure,False,1
R0138,Male,18-24,6,Central Highlands,South Ridge,District C,2024-04-04,2024,Apr,Yes,Yes,No,Secure,True,0
R0139,Male,25-34,4,Central Highlands,North Valley,District C,2024-02-13,2024,Feb,Yes,No,No,Secure,True,0
R0140,Female,35-49,10,Central Highlands,North Valley,District C,2024-01-11,2024,Jan,No,No,Yes,Insecure,False,1
R0141,Female,25-34,3,Central Highlands,East Plains,District B,2024-01-18,2024,Jan,Yes,No,No,Secure,False,1
R0142,Female,25-34,7,Central Highlands,East Plains,District B,2024-03-21,2024,Mar,Yes,Yes,No,Secure,False,3
R0143,Male,35-49,8,Central Highlands,South Ridge,District A,2024-04-12,2024,Apr,Yes,Yes,No,Secure,False,3
R0144,Female,18-24,1,Central Highlands,East Plains,District C,2024-03-25,2024,Mar,Yes,No,Yes,Secure,False,1
R0145,Male,35-49,5,Central Highlands,South Ridge,District B,2024-01-11,2024,Jan,No,No,No,Secure,True,0
R0146,Male,25-34,8,Central Highlands,East Plains,District C,2024-01-05,2024,Jan,No,No,No,Secure,True,0
R0147,Male,25-34,9,Central Highlands,East Plains,District A,2024-01-03,2024,Jan,No,No,No,Secure,True,0
R0148,Male,18-24,1,Central Highlands,North Valley,District B,2024-02-08,2024,Feb,No,No,No,Secure,True,0
R0149,Male,50+,1,Central Highlands,East Plains,District B,2024-03-15,2024,Mar,No,No,Yes,Insecure,True,0
R0150,Female,25-34,8,Central Highlands,North Valley,District C,2024-03-16,2024,Mar,No,No,Yes,Secure,True,0
R0151,Male,25-34,9,Central Highlands,East Plains,District C,2024-02-23,2024,Feb,No,Yes,No,Secure,False,3
R0152,Female,18-24,8,Central Highlands,North Valley,District C,2024-01-14,2024,Jan,No,Yes,Yes,Secure,False,3
R0153,Female,35-49,4,Central Highlands,South Ridge,District C,2024-03-22,2024,Mar,No,No,Yes,Secure,False,3
R0154,Female,50+,10,Central Highlands,East Plains,District A,2024-02-02,2024,Feb,Yes,Yes,Yes,Insecure,False,1
R0155,Female,25-34,8,Central Highlands,North Valley,District B,2024-03-20,2024,Mar,Yes,No,No,Insecure,True,0
R0156,Male,25-34,8,Central Highlands,East Plains,District B,2024-02-25,2024,Feb,Yes,No,No,Insecure,True,0
R0157,Male,18-24,6,Central Highlands,South Ridge,District B,2024-02-13,2024,Feb,Yes,Yes,Yes,Insecure,False,1
R0158,Female,35-49,9,Central Highlands,North Valley,District C,2024-04-10,2024,Apr,Yes,Yes,No,Secure,False,3
R0159,Male,25-34,7,Central Highlands,North Valley,District A,2024-04-15,2024,Apr,Yes,No,No,Secure,True,0
R0160,Male,50+,9,Central Highlands,South Ridge,District A,2024-03-20,2024,Mar,Yes,No,Yes,Secure,True,0
R0161,Male,35-49,2,Central Highlands,North Valley,District B,2024-02-04,2024,Feb,No,No,No,Insecure,False,1
R0162,Male,50+,8,Central Highlands,East Plains,District A,2024-03-08,2024,Mar,Yes,Yes,No,Insecure,False,3
R0163,Male,18-24,10,Central Highlands,East Plains,District C,2024-04-13,2024,Apr,Yes,No,Yes,Secure,True,0
R0164,Female,35-49,1,Central Highlands,South Ridge,District B,2024-01-28,2024,Jan,No,No,Yes,Insecure,False,1
R0165,Male,50+,1,Central Highlands,East Plains,District B,2024-01-12,2024,Jan,Yes,No,Yes,Secure,True,0
R0166,Female,50+,9,Central Highlands,South Ridge,District B,2024-04-28,2024,Apr,Yes,No,Yes,Secure,False,1
R0167,Male,50+,5,Central Highlands,East Plains,District B,2024-04-17,2024,Apr,No,Yes,No,Insecure,False,1
R0168,Female,18-24,3,Central Highlands,East Plains,District C,2024-01-12,2024,Jan,Yes,Yes,No,Insecure,False,2
R0169,Female,18-24,10,Central Highlands,East Plains,District A,2024-03-26,2024,Mar,No,No,No,Insecure,False,3
R0170,Female,35-49,9,Central Highlands,East Plains,District A,2024-04-18,2024,Apr,No,No,Yes,Secure,False,1
R0171,Male,35-49,6,Central Highlands,North Valley,District A,2024-03-04,2024,Mar,No,No,No,Secure,False,1
R0172,Female,18-24,5,Central Highlands,South Ridge,District A,2024-03-09,2024,Mar,Yes,No,No,Insecure,True,0
R0173,Female,35-49,8,Central Highlands,East Plains,District C,2024-01-20,2024,Jan,Yes,No,Yes,Secure,False,2
R0174,Male,50+,1,Central Highlands,East Plains,District C,2024-01-05,2024,Jan,Yes,No,No,Secure,True,0
R0175,Female,18-24,4,Central Highlands,North Valley,District B,2024-01-19,2024,Jan,No,No,Yes,Insecure,True,0
R0176,Male,25-34,3,Central Highlands,East Plains,District C,2024-04-08,2024,Apr,No,No,Yes,Secure,False,3
R0177,Male,50+,8,Central Highlands,East Plains,District B,2024-03-22,2024,Mar,No,No,No,Secure,False,3
R0178,Male,18-24,10,Central Highlands,North Valley,District A,2024-04-03,2024,Apr,No,Yes,No,Insecure,False,3
R0179,Female,50+,10,Central Highlands,South Ridge,District B,2024-02-17,2024,Feb,No,No,Yes,Secure,True,0
R0180,Female,50+,2,Central Highlands,South Ridge,District A,2024-03-26,2024,Mar,Yes,No,No,Insecure,True,0
R0181,Male,18-24,5,Central Highlands,North Valley,District A,2024-03-27,2024,Mar,Yes,No,No,Secure,True,0
R0182,Male,25-34,2,Central Highlands,East Plains,District A,2024-02-14,2024,Feb,Yes,No,Yes,Insecure,True,0
R0183,Male,25-34,8,Central Highlands,East Plains,District A,2024-03-06,2024,Mar,Yes,Yes,No,Secure,False,2
R0184,Male,18-24,4,Central Highlands,South Ridge,District A,2024-01-31,2024,Jan,Yes,No,No,Insecure,False,3
R0185,Female,35-49,10,Central Highlands,East Plains,District A,2024-04-26,2024,Apr,No,Yes,No,Insecure,False,3
R0186,Female,35-49,10,Central Highlands,East Plains,District B,2024-04-08,2024,Apr,Yes,Yes,Yes,Secure,True,0
R0187,Male,35-49,9,Central Highlands,East Plains,District C,2024-04-19,2024,Apr,Yes,Yes,No,Insecure,True,0
R0188,Male,25-34,8,Central Highlands,East Plains,District C,2024-03-11,2024,Mar,No,No,No,Secure,True,0
R0189,Female,35-49,4,Central Highlands,East Plains,District A,2024-02-04,2024,Feb,No,No,No,Secure,False,2
R0190,Male,25-34,1,Central Highlands,South Ridge,District A,2024-02-17,2024,Feb,Yes,Yes,Yes,Secure,False,3
R0191,Female,50+,10,Central Highlands,North Valley,District B,2024-04-09,2024,Apr,Yes,No,No,Secure,True,0
R0192,Male,18-24,4,Central Highlands,East Plains,District C,2024-03-09,2024,Mar,No,Yes,Yes,Secure,False,3
R0193,Male,35-49,2,Central Highlands,North Valley,District B,2024-04-13,2024,Apr,Yes,No,No,Secure,False,1
R0194,Male,25-34,5,Central Highlands,North Valley,District B,2024-02-12,2024,Feb,No,No,No,Secure,False,3
R0195,Female,35-49,2,Central Highlands,North Valley,District B,2024-04-30,2024,Apr,Yes,No,Yes,Insecure,False,3
R0196,Female,25-34,1,Central Highlands,North Valley,District B,2024-01-03,2024,Jan,No,No,No,Secure,False,2
R0197,Female,18-24,3,Central Highlands,South Ridge,District B,2024-03-12,2024,Mar,Yes,No,No,Insecure,True,0
R0198,Male,18-24,5,Central Highlands,South Ridge,District A,2024-03-07,2024,Mar,No,Yes,Yes,Secure,False,3
R0199,Male,50+,7,Central Highlands,South Ridge,District C,2024-02-20,2024,Feb,Yes,No,Yes,Insecure,False,1
R0200,Male,25-34,2,Central Highlands,East Plains,District C,2024-02-13,2024,Feb,No,Yes,Yes,Insecure,False,3
R0201,Male,35-49,6,Central Highlands,North Valley,District B,2024-03-22,2024,Mar,Yes,Yes,Yes,Secure,True,0
R0202,Male,18-24,6,Central Highlands,South Ridge,District A,2024-02-15,2024,Feb,No,Yes,Yes,Secure,True,0
R0203,Male,50+,9,Central Highlands,North Valley,District B,2024-03-05,2024,Mar,No,Yes,No,Secure,False,2
R0204,Female,25-34,5,Central Highlands,North Valley,District A,2024-03-24,2024,Mar,Yes,No,Yes,Secure,False,1
R0205,Male,50+,2,Central Highlands,North Valley,District A,2024-01-01,2024,Jan,Yes,No,Yes,Insecure,True,0
R0206,Male,25-34,7,Central Highlands,East Plains,District A,2024-02-15,2024,Feb,No,Yes,No,Insecure,False,1
R0207,Male,50+,1,Central Highlands,South Ridge,District B,2024-01-03,2024,Jan,No,No,Yes,Insecure,True,0
R0208,Female,50+,10,Central Highlands,North Valley,District B,2024-04-10,2024,Apr,No,Yes,Yes,Insecure,False,1
R0209,Male,35-49,4,Central Highlands,South Ridge,District A,2024-02-17,2024,Feb,No,No,No,Secure,False,1
R0210,Male,35-49,7,Central Highlands,East Plains,District C,2024-02-18,2024,Feb,No,Yes,No,Insecure,False,3
R0211,Female,18-24,4,Central Highlands,South Ridge,District A,2024-03-20,2024,Mar,No,No,Yes,Secure,False,2
R0212,Male,25-34,10,Central Highlands,East Plains,District B,2024-01-24,2024,Jan,Yes,Yes,No,Secure,True,0
R0213,Female,35-49,3,Central Highlands,South Ridge,District B,2024-03-18,2024,Mar,Yes,Yes,No,Insecure,False,1
R0214,Male,35-49,1,Central Highlands,North Valley,District B,2024-02-01,2024,Feb,No,Yes,Yes,Secure,False,2
R0215,Male,18-24,9,Central Highlands,North Valley,District C,2024-02-25,2024,Feb,Yes,Yes,No,Insecure,False,3
R0216,Female,35-49,6,Central Highlands,South Ridge,District B,2024-02-06,2024,Feb,Yes,No,No,Secure,False,1
R0217,Male,18-24,5,Central Highlands,North Valley,District B,2024-03-07,2024,Mar,No,Yes,Yes,Insecure,True,0
R0218,Female,25-34,10,Central Highlands,North Valley,District C,2024-02-06,2024,Feb,Yes,Yes,No,Secure,True,0
R0219,Male,18-24,8,Central Highlands,East Plains,District B,2024-02-07,2024,Feb,Yes,Yes,No,Insecure,True,0
R0220,Male,18-24,6,Central Highlands,East Plains,District A,2024-04-18,2024,Apr,Yes,Yes,Yes,Secure,True,0
R0221,Male,18-24,3,Central Highlands,North Valley,District B,2024-04-15,2024,Apr,No,No,No,Insecure,False,1
R0222,Female,50+,7,Central Highlands,North Valley,District B,2024-02-29,2024,Feb,No,No,Yes,Secure,True,0
R0223,Male,35-49,3,Central Highlands,South Ridge,District B,2024-03-16,2024,Mar,Yes,No,Yes,Secure,False,3
R0224,Female,35-49,8,Central Highlands,East Plains,District C,2024-02-14,2024,Feb,Yes,Yes,No,Insecure,True,0
R0225,Female,25-34,8,Central Highlands,North Valley,District B,2024-02-15,2024,Feb,No,Yes,No,Insecure,True,0
R0226,Male,18-24,1,Central Highlands,East Plains,District A,2024-04-15,2024,Apr,Yes,No,No,Secure,False,2
R0227,Male,35-49,3,Central Highlands,South Ridge,District B,2024-04-28,2024,Apr,Yes,No,Yes,Secure,False,2
R0228,Female,25-34,2,Central Highlands,South Ridge,District C,2024-02-03,2024,Feb,No,Yes,No,Secure,False,1
R0229,Male,50+,2,Central Highlands,South Ridge,District B,2024-03-03,2024,Mar,Yes,No,No,Insecure,True,0
R0230,Male,18-24,2,Central Highlands,South Ridge,District C,2024-04-11,2024,Apr,No,Yes,Yes,Secure,False,2
R0231,Male,18-24,6,Central Highlands,South Ridge,District B,2024-03-03,2024,Mar,No,Yes,Yes,Secure,False,1
R0232,Male,35-49,6,Central Highlands,North Valley,District C,2024-03-17,2024,Mar,Yes,Yes,No,Secure,False,1
R0233,Male,18-24,7,Central Highlands,North Valley,District A,2024-01-01,2024,Jan,No,Yes,Yes,Insecure,True,0
R0234,Female,50+,6,Central Highlands,South Ridge,District C,2024-03-03,2024,Mar,Yes,No,Yes,Insecure,True,0
R0235,Male,18-24,8,Central Highlands,South Ridge,District B,2024-01-07,2024,Jan,No,No,No,Secure,False,2
R0236,Male,18-24,1,Central Highlands,North Valley,District B,2024-04-05,2024,Apr,Yes,Yes,Yes,Secure,True,0
R0237,Female,35-49,3,Central Highlands,East Plains,District A,2024-02-29,2024,Feb,No,Yes,Yes,Secure,True,0
R0238,Female,18-24,3,Central Highlands,East Plains,District A,2024-02-10,2024,Feb,Yes,No,Yes,Secure,False,1
R0239,Male,35-49,10,Central Highlands,South Ridge,District A,2024-02-27,2024,Feb,Yes,Yes,No,Secure,False,1
R0240,Female,50+,4,Central Highlands,South Ridge,District A,2024-04-03,2024,Apr,Yes,Yes,No,Insecure,True,0
R0241,Male,50+,5,Central Highlands,East Plains,District A,2024-03-08,2024,Mar,Yes,Yes,Yes,Secure,True,0
R0242,Male,35-49,2,Central Highlands,South Ridge,District C,2024-04-17,2024,Apr,Yes,No,Yes,Secure,True,0
R0243,Female,50+,5,Central Highlands,North Valley,District C,2024-03-27,2024,Mar,Yes,Yes,Yes,Insecure,False,1
R0244,Female,18-24,10,Central Highlands,North Valley,District C,2024-02-01,2024,Feb,Yes,Yes,No,Insecure,False,2
R0245,Male,18-24,5,Central Highlands,East Plains,District C,2024-04-04,2024,Apr,No,No,Yes,Insecure,False,1
R0246,Male,25-34,1,Central Highlands,East Plains,District C,2024-01-08,2024,Jan,Yes,Yes,Yes,Insecure,True,0
R0247,Male,35-49,2,Central Highlands,South Ridge,District A,2024-01-14,2024,Jan,No,No,Yes,Secure,False,3
R0248,Female,35-49,5,Central Highlands,South Ridge,District B,2024-02-17,2024,Feb,Yes,Yes,No,Secure,False,3
R0249,Male,50+,8,Central Highlands,North Valley,District C,2024-03-28,2024,Mar,No,No,No,Insecure,True,0
R0250,Female,35-49,7,Central Highlands,South Ridge,District C,2024-01-15,2024,Jan,No,No,Yes,Secure,True,0
R0251,Female,18-24,10,Central Highlands,North Valley,District C,2024-03-01,2024,Mar,Yes,Yes,No,Secure,True,0
R0252,Male,35-49,7,Central Highlands,North Valley,District A,2024-02-08,2024,Feb,No,Yes,Yes,Insecure,True,0
R0253,Female,25-34,2,Central Highlands,East Plains,District A,2024-03-28,2024,Mar,Yes,Yes,No,Secure,True,0
R0254,Male,25-34,4,Central Highlands,North Valley,District C,2024-03-04,2024,Mar,Yes,Yes,No,Insecure,True,0
R0255,Male,25-34,9,Central Highlands,South Ridge,District A,2024-03-09,2024,Mar,Yes,Yes,No,Insecure,True,0
R0256,Female,25-34,5,Central Highlands,South Ridge,District B,2024-03-23,2024,Mar,No,Yes,Yes,Secure,False,2
R0257,Female,25-34,2,Central Highlands,East Plains,District C,2024-03-04,2024,Mar,Yes,Yes,No,Insecure,False,3
R0258,Male,25-34,4,Central Highlands,East Plains,District B,2024-01-13,2024,Jan,No,No,Yes,Insecure,True,0
R0259,Male,50+,7,Central Highlands,South Ridge,District A,2024-02-28,2024,Feb,No,Yes,Yes,Secure,True,0
R0260,Female,50+,1,Central Highlands,North Valley,District B,2024-02-12,2024,Feb,Yes,No,No,Secure,False,1
R0261,Female,18-24,4,Central Highlands,South Ridge,District B,2024-03-12,2024,Mar,Yes,Yes,Yes,Secure,False,2
R0262,Female,35-49,1,Central Highlands,South Ridge,District C,2024-01-19,2024,Jan,No,Yes,Yes,Secure,False,3
R0263,Female,25-34,3,Central Highlands,East Plains,District B,2024-04-15,2024,Apr,Yes,No,No,Secure,True,0
R0264,Male,18-24,8,Central Highlands,South Ridge,District C,2024-01-27,2024,Jan,No,No,Yes,Secure,False,3
R0265,Male,25-34,2,Central Highlands,South Ridge,District A,2024-03-18,2024,Mar,No,Yes,No,Insecure,False,3
R0266,Female,35-49,8,Central Highlands,East Plains,District B,2024-04-12,2024,Apr,Yes,No,No,Secure,False,3
R0267,Female,35-49,7,Central Highlands,South Ridge,District A,2024-01-05,2024,Jan,No,No,No,Insecure,True,0
R0268,Female,25-34,3,Central Highlands,East Plains,District A,2024-03-29,2024,Mar,Yes,Yes,Yes,Insecure,False,3
R0269,Female,50+,6,Central Highlands,East Plains,District A,2024-01-20,2024,Jan,No,Yes,No,Secure,False,1
R0270,Male,18-24,10,Central Highlands,North Valley,District C,2024-01-20,2024,Jan,No,Yes,Yes,Insecure,False,1
R0271,Female,50+,9,Central Highlands,East Plains,District B,2024-03-25,2024,Mar,Yes,Yes,Yes,Secure,False,2
R0272,Male,50+,8,Central Highlands,East Plains,District C,2024-04-17,2024,Apr,No,No,Yes,Secure,False,1
R0273,Male,18-24,8,Central Highlands,North Valley,District C,2024-03-30,2024,Mar,Yes,Yes,Yes,Insecure,False,1
R0274,Male,50+,1,Central Highlands,South Ridge,District C,2024-02-16,2024,Feb,No,No,No,Insecure,False,2
R0275,Female,18-24,2,Central Highlands,North Valley,District A,2024-04-14,2024,Apr,Yes,No,Yes,Secure,True,0
R0276,Male,18-24,7,Central Highlands,South Ridge,District C,2024-03-08,2024,Mar,No,Yes,No,Insecure,True,0
R0277,Female,35-49,3,Central Highlands,South Ridge,District A,2024-01-22,2024,Jan,Yes,No,Yes,Insecure,False,2
R0278,Female,18-24,6,Central Highlands,North Valley,District B,2024-02-03,2024,Feb,No,Yes,No,Insecure,False,3
R0279,Male,25-34,3,Central Highlands,South Ridge,District C,2024-01-16,2024,Jan,No,No,No,Secure,False,2
R0280,Male,50+,9,Central Highlands,North Valley,District A,2024-03-03,2024,Mar,No,Yes,No,Insecure,False,2
R0281,Female,35-49,4,Central Highlands,East Plains,District A,2024-04-15,2024,Apr,No,Yes,Yes,Insecure,False,2
R0282,Female,50+,9,Central Highlands,East Plains,District C,2024-04-09,2024,Apr,Yes,No,Yes,Insecure,False,1
R0283,Female,35-49,9,Central Highlands,South Ridge,District C,2024-02-23,2024,Feb,Yes,Yes,Yes,Secure,True,0
R0284,Male,25-34,10,Central Highlands,North Valley,District B,2024-04-24,2024,Apr,No,No,Yes,Secure,False,3
R0285,Male,18-24,1,Central Highlands,North Valley,District A,2024-03-19,2024,Mar,No,No,Yes,Insecure,True,0
R0286,Female,50+,3,Central Highlands,South Ridge,District A,2024-04-03,2024,Apr,No,Yes,No,Secure,False,3
R0287,Male,25-34,4,Central Highlands,East Plains,District B,2024-02-11,2024,Feb,Yes,No,Yes,Insecure,False,3
R0288,Female,25-34,8,Central Highlands,South Ridge,District B,2024-02-17,2024,Feb,Yes,Yes,No,Secure,False,1
R0289,Female,18-24,6,Central Highlands,South Ridge,District B,2024-01-07,2024,Jan,Yes,Yes,Yes,Secure,False,2
R0290,Male,35-49,4,Central Highlands,South Ridge,District A,2024-03-23,2024,Mar,No,Yes,No,Insecure,True,0
R0291,Male,18-24,6,Central Highlands,South Ridge,District A,2024-03-11,2024,Mar,Yes,Yes,No,Secure,True,0
R0292,Female,35-49,6,Central Highlands,East Plains,District C,2024-03-10,2024,Mar,No,No,Yes,Secure,False,2
R0293,Female,18-24,5,Central Highlands,South Ridge,District C,2024-02-04,2024,Feb,Yes,No,No,Insecure,False,2
R0294,Female,18-24,10,Central Highlands,South Ridge,District B,2024-04-13,2024,Apr,Yes,No,No,Insecure,False,1
R0295,Male,35-49,8,Central Highlands,East Plains,District B,2024-02-15,2024,Feb,Yes,No,No,Insecure,True,0
R0296,Female,50+,1,Central Highlands,East Plains,District A,2024-01-25,2024,Jan,No,Yes,No,Secure,False,1
R0297,Female,18-24,1,Central Highlands,East Plains,District A,2024-02-12,2024,Feb,Yes,Yes,No,Secure,False,3
R0298,Male,50+,8,Central Highlands,South Ridge,District B,2024-04-02,2024,Apr,No,Yes,No,Insecure,False,2
R0299,Female,35-49,2,Central Highlands,South Ridge,District A,2024-02-24,2024,Feb,Yes,No,Yes,Secure,False,1
R0300,Male,18-24,10,Central Highlands,North Valley,District B,2024-02-04,2024,Feb,No,Yes,Yes,Secure,False,2
R0301,Female,50+,10,Central Highlands,South Ridge,District B,2024-01-05,2024,Jan,Yes,Yes,Yes,Secure,True,0
R0302,Male,50+,9,Central Highlands,North Valley,District A,2024-03-18,2024,Mar,Yes,No,No,Insecure,True,0
R0303,Male,35-49,10,Central Highlands,South Ridge,District C,2024-04-23,2024,Apr,Yes,No,No,Insecure,True,0
R0304,Male,25-34,8,Central Highlands,North Valley,District B,2024-02-05,2024,Feb,Yes,Yes,Yes,Secure,True,0
R0305,Male,35-49,5,Central Highlands,East Plains,District A,2024-03-01,2024,Mar,Yes,No,No,Insecure,True,0
R0306,Female,25-34,9,Central Highlands,East Plains,District A,2024-01-17,2024,Jan,Yes,Yes,No,Secure,False,1
R0307,Female,25-34,9,Central Highlands,South Ridge,District C,2024-01-01,2024,Jan,Yes,No,No,Secure,False,2
R0308,Male,35-49,5,Central Highlands,South Ridge,District C,2024-03-22,2024,Mar,Yes,No,Yes,Secure,True,0
R0309,Female,25-34,1,Central Highlands,East Plains,District C,2024-03-27,2024,Mar,No,Yes,No,Insecure,True,0
R0310,Male,50+,10,Central Highlands,South Ridge,District C,2024-03-01,2024,Mar,No,No,No,Secure,True,0
R0311,Male,35-49,8,Central Highlands,East Plains,District A,2024-02-28,2024,Feb,No,Yes,No,Insecure,False,1
R0312,Male,25-34,5,Central Highlands,South Ridge,District C,2024-02-10,2024,Feb,Yes,Yes,Yes,Secure,False,3
R0313,Male,18-24,4,Central Highlands,South Ridge,District B,2024-04-16,2024,Apr,No,No,No,Insecure,False,3
R0314,Male,18-24,10,Central Highlands,North Valley,District A,2024-03-30,2024,Mar,No,No,Yes,Secure,True,0
R0315,Female,18-24,8,Central Highlands,South Ridge,District C,2024-04-20,2024,Apr,Yes,No,Yes,Secure,False,1
R0316,Female,18-24,10,Central Highlands,East Plains,District B,2024-03-31,2024,Mar,Yes,Yes,No,Secure,False,2
R0317,Male,35-49,6,Central Highlands,North Valley,District B,2024-03-13,2024,Mar,No,Yes,No,Secure,False,1
R0318,Female,18-24,3,Central Highlands,East Plains,District B,2024-02-24,2024,Feb,Yes,No,Yes,Insecure,False,2
R0319,Female,18-24,6,Central Highlands,South Ridge,District A,2024-01-18,2024,Jan,Yes,No,Yes,Secure,True,0
R0320,Female,50+,10,Central Highlands,North Valley,District A,2024-01-22,2024,Jan,No,No,No,Secure,False,3
R0321,Male,18-24,5,Central Highlands,South Ridge,District A,2024-01-01,2024,Jan,No,Yes,No,Secure,False,3
R0322,Female,35-49,6,Central Highlands,East Plains,District B,2024-04-27,2024,Apr,No,Yes,Yes,Secure,True,0
R0323,Male,25-34,3,Central Highlands,South Ridge,District C,2024-03-18,2024,Mar,No,Yes,Yes,Insecure,False,3
R0324,Male,25-34,9,Central Highlands,North Valley,District A,2024-02-26,2024,Feb,No,No,No,Insecure,True,0
R0325,Male,18-24,1,Central Highlands,South Ridge,District A,2024-01-25,2024,Jan,Yes,No,Yes,Secure,True,0
R0326,Male,35-49,2,Central Highlands,South Ridge,District C,2024-03-07,2024,Mar,No,No,No,Secure,True,0
R0327,Male,25-34,2,Central Highlands,North Valley,District A,2024-04-23,2024,Apr,No,No,No,Secure,True,0
R0328,Male,50+,9,Central Highlands,South Ridge,District C,2024-01-21,2024,Jan,Yes,No,Yes,Insecure,False,2
R0329,Female,50+,6,Central Highlands,North Valley,District A,2024-03-23,2024,Mar,Yes,No,No,Secure,False,1
R0330,Male,18-24,2,Central Highlands,South Ridge,District C,2024-01-23,2024,Jan,Yes,No,No,Secure,False,2
R0331,Female,35-49,10,Central Highlands,South Ridge,District B,2024-04-17,2024,Apr,Yes,No,Yes,Secure,True,0
R0332,Male,18-24,7,Central Highlands,North Valley,District C,2024-03-31,2024,Mar,No,No,Yes,Secure,True,0
R0333,Male,18-24,6,Central Highlands,South Ridge,District B,2024-02-19,2024,Feb,No,Yes,No,Insecure,False,3
R0334,Male,18-24,6,Central Highlands,South Ridge,District A,2024-02-27,2024,Feb,Yes,No,No,Secure,False,1
R0335,Male,25-34,8,Central Highlands,South Ridge,District C,2024-01-10,2024,Jan,Yes,No,Yes,Insecure,False,2
R0336,Male,25-34,6,Central Highlands,South Ridge,District A,2024-04-26,2024,Apr,Yes,Yes,Yes,Secure,True,0
R0337,Male,25-34,3,Central Highlands,East Plains,District B,2024-04-24,2024,Apr,Yes,No,Yes,Insecure,False,3
R0338,Male,35-49,4,Central Highlands,East Plains,District C,2024-03-04,2024,Mar,No,Yes,Yes,Secure,True,0
R0339,Female,50+,10,Central Highlands,East Plains,District B,2024-04-22,2024,Apr,No,Yes,Yes,Insecure,False,1
R0340,Male,35-49,4,Central Highlands,North Valley,District A,2024-04-18,2024,Apr,Yes,No,No,Insecure,False,1
R0341,Male,18-24,3,Central Highlands,South Ridge,District A,2024-03-16,2024,Mar,Yes,Yes,Yes,Insecure,False,3
R0342,Female,35-49,5,Central Highlands,North Valley,District C,2024-03-05,2024,Mar,No,No,No,Secure,True,0
R0343,Male,18-24,7,Central Highlands,East Plains,District A,2024-02-03,2024,Feb,No,No,No,Insecure,False,3
R0344,Female,50+,10,Central Highlands,South Ridge,District C,2024-01-12,2024,Jan,Yes,Yes,Yes,Insecure,True,0
R0345,Female,18-24,10,Central Highlands,East Plains,District C,2024-03-13,2024,Mar,No,No,Yes,Secure,True,0
R0346,Male,18-24,8,Central Highlands,South Ridge,District A,2024-01-29,2024,Jan,Yes,Yes,No,Insecure,True,0
R0347,Female,50+,2,Central Highlands,North Valley,District C,2024-02-22,2024,Feb,No,Yes,Yes,Insecure,False,2
R0348,Male,25-34,6,Central Highlands,East Plains,District B,2024-01-31,2024,Jan,No,No,No,Insecure,False,3
R0349,Female,25-34,4,Central Highlands,East Plains,District A,2024-03-11,2024,Mar,No,Yes,Yes,Secure,True,0
R0350,Male,35-49,10,Central Highlands,South Ridge,District B,2024-03-17,2024,Mar,Yes,Yes,Yes,Insecure,False,2
R0351,Female,35-49,8,Central Highlands,South Ridge,District C,2024-01-12,2024,Jan,Yes,No,No,Secure,True,0
R0352,Male,18-24,6,Central Highlands,South Ridge,District C,2024-03-23,2024,Mar,Yes,No,Yes,Insecure,True,0
R0353,Female,25-34,10,Central Highlands,East Plains,District B,2024-04-18,2024,Apr,No,No,No,Secure,False,3
R0354,Female,35-49,2,Central Highlands,East Plains,District A,2024-03-23,2024,Mar,No,Yes,No,Insecure,False,3
R0355,Female,18-24,1,Central Highlands,South Ridge,District B,2024-03-06,2024,Mar,Yes,Yes,No,Insecure,True,0
R0356,Male,50+,9,Central Highlands,North Valley,District B,2024-02-03,2024,Feb,No,No,No,Insecure,False,2
R0357,Male,25-34,8,Central Highlands,North Valley,District B,2024-04-14,2024,Apr,Yes,Yes,Yes,Insecure,False,2
R0358,Female,18-24,8,Central Highlands,South Ridge,District B,2024-02-11,2024,Feb,Yes,No,Yes,Secure,True,0
R0359,Male,50+,7,Central Highlands,South Ridge,District B,2024-02-26,2024,Feb,Yes,Yes,Yes,Secure,False,2
R0360,Male,50+,6,Central Highlands,North Valley,District C,2024-02-15,2024,Feb,No,Yes,Yes,Secure,False,2
R0361,Female,18-24,2,Central Highlands,East Plains,District B,2024-02-12,2024,Feb,Yes,No,No,Secure,True,0
R0362,Female,50+,2,Central Highlands,North Valley,District C,2024-04-28,2024,Apr,Yes,No,Yes,Insecure,False,1
R0363,Male,50+,9,Central Highlands,North Valley,District C,2024-02-15,2024,Feb,No,Yes,No,Insecure,False,1
R0364,Female,35-49,4,Central Highlands,South Ridge,District B,2024-02-14,2024,Feb,No,Yes,No,Secure,False,2
R0365,Female,50+,1,Central Highlands,East Plains,District A,2024-03-22,2024,Mar,Yes,No,No,Secure,False,3
R0366,Female,25-34,1,Central Highlands,South Ridge,District B,2024-04-20,2024,Apr,Yes,Yes,No,Secure,True,0
R0367,Female,35-49,10,Central Highlands,East Plains,District C,2024-01-27,2024,Jan,No,No,No,Insecure,False,1
R0368,Female,35-49,4,Central Highlands,South Ridge,District A,2024-01-19,2024,Jan,No,Yes,No,Secure,True,0
R0369,Female,50+,9,Central Highlands,South Ridge,District C,2024-03-22,2024,Mar,Yes,No,No,Insecure,False,1
R0370,Female,50+,1,Central Highlands,East Plains,District C,2024-02-08,2024,Feb,Yes,Yes,Yes,Insecure,False,3
R0371,Male,35-49,2,Central Highlands,North Valley,District A,2024-04-15,2024,Apr,Yes,No,No,Secure,False,3
R0372,Female,35-49,3,Central Highlands,North Valley,District C,2024-01-21,2024,Jan,No,No,No,Insecure,False,1
R0373,Female,18-24,9,Central Highlands,South Ridge,District B,2024-01-21,2024,Jan,Yes,Yes,No,Insecure,False,1
R0374,Female,25-34,8,Central Highlands,East Plains,District B,2024-01-29,2024,Jan,Yes,Yes,No,Secure,False,2
R0375,Male,35-49,5,Central Highlands,East Plains,District A,2024-04-10,2024,Apr,No,No,Yes,Insecure,True,0
R0376,Female,35-49,8,Central Highlands,East Plains,District C,2024-01-06,2024,Jan,Yes,No,Yes,Secure,False,3
R0377,Male,25-34,10,Central Highlands,North Valley,District C,2024-03-02,2024,Mar,No,No,No,Secure,True,0
R0378,Female,18-24,8,Central Highlands,South Ridge,District A,2024-03-11,2024,Mar,No,No,No,Insecure,True,0
R0379,Female,18-24,3,Central Highlands,South Ridge,District A,2024-03-23,2024,Mar,Yes,Yes,Yes,Secure,False,2
R0380,Male,18-24,10,Central Highlands,East Plains,District C,2024-01-12,2024,Jan,No,No,Yes,Insecure,False,3
R0381,Female,18-24,6,Central Highlands,East Plains,District A,2024-04-20,2024,Apr,No,Yes,No,Secure,False,2
R0382,Female,50+,7,Central Highlands,East Plains,District B,2024-02-14,2024,Feb,No,No,No,Secure,False,1
R0383,Male,25-34,8,Central Highlands,North Valley,District B,2024-04-24,2024,Apr,Yes,Yes,No,Secure,False,1
R0384,Female,18-24,7,Central Highlands,South Ridge,District C,2024-01-12,2024,Jan,No,No,No,Secure,False,2
R0385,Female,35-49,5,Central Highlands,East Plains,District A,2024-04-19,2024,Apr,Yes,Yes,Yes,Insecure,False,3
R0386,Female,35-49,6,Central Highlands,North Valley,District B,2024-02-22,2024,Feb,Yes,Yes,Yes,Secure,False,1
R0387,Female,18-24,7,Central Highlands,South Ridge,District C,2024-02-01,2024,Feb,Yes,No,No,Insecure,False,1
R0388,Female,18-24,1,Central Highlands,East Plains,District B,2024-02-19,2024,Feb,Yes,Yes,Yes,Secure,False,2
R0389,Male,18-24,6,Central Highlands,South Ridge,District C,2024-02-01,2024,Feb,Yes,No,Yes,Insecure,False,2
R0390,Male,25-34,1,Central Highlands,East Plains,District B,2024-03-20,2024,Mar,No,Yes,Yes,Secure,False,3
R0391,Male,18-24,2,Central Highlands,East Plains,District C,2024-03-25,2024,Mar,Yes,Yes,Yes,Insecure,False,2
R0392,Male,35-49,7,Central Highlands,East Plains,District B,2024-03-29,2024,Mar,Yes,Yes,No,Insecure,False,1
R0393,Female,18-24,3,Central Highlands,South Ridge,District B,2024-03-20,2024,Mar,No,Yes,No,Secure,True,0
R0394,Female,25-34,1,Central Highlands,East Plains,District B,2024-04-01,2024,Apr,No,Yes,Yes,Secure,False,3
R0395,Male,25-34,4,Central Highlands,South Ridge,District A,2024-01-06,2024,Jan,No,No,No,Secure,True,0
R0396,Female,35-49,9,Central Highlands,North Valley,District B,2024-04-12,2024,Apr,Yes,No,No,Secure,False,2
R0397,Female,18-24,10,Central Highlands,East Plains,District A,2024-01-19,2024,Jan,No,Yes,Yes,Secure,False,2
R0398,Female,18-24,1,Central Highlands,North Valley,District C,2024-03-22,2024,Mar,No,Yes,No,Secure,True,0
R0399,Male,25-34,3,Central Highlands,North Valley,District A,2024-02-02,2024,Feb,Yes,No,No,Insecure,False,3
R0400,Male,35-49,6,Central Highlands,North Valley,District C,2024-02-05,2024,Feb,Yes,No,No,Secure,False,3
R0401,Male,18-24,1,Central Highlands,South Ridge,District A,2024-01-06,2024,Jan,No,Yes,Yes,Secure,True,0
R0402,Male,25-34,7,Central Highlands,East Plains,District B,2024-01-08,2024,Jan,Yes,No,No,Secure,False,2
R0403,Male,35-49,4,Central Highlands,East Plains,District A,2024-01-08,2024,Jan,Yes,No,Yes,Insecure,True,0
R0404,Male,35-49,3,Central Highlands,North Valley,District B,2024-02-07,2024,Feb,Yes,Yes,No,Insecure,False,2
R0405,Male,18-24,3,Central Highlands,East Plains,District A,2024-02-16,2024,Feb,No,No,Yes,Insecure,True,0
R0406,Female,35-49,5,Central Highlands,North Valley,District A,2024-02-17,2024,Feb,Yes,No,No,Insecure,False,2
R0407,Male,18-24,8,Central Highlands,South Ridge,District C,2024-01-01,2024,Jan,No,No,Yes,Secure,True,0
R0408,Female,50+,4,Central Highlands,South Ridge,District C,2024-03-10,2024,Mar,Yes,No,No,Secure,True,0
R0409,Male,25-34,1,Central Highlands,East Plains,District C,2024-03-13,2024,Mar,No,Yes,Yes,Secure,True,0
R0410,Female,18-24,8,Central Highlands,South Ridge,District B,2024-01-30,2024,Jan,No,Yes,No,Insecure,True,0
R0411,Female,50+,7,Central Highlands,East Plains,District A,2024-01-16,2024,Jan,Yes,No,No,Insecure,True,0
R0412,Male,18-24,6,Central Highlands,East Plains,District A,2024-01-07,2024,Jan,Yes,No,No,Insecure,False,1
R0413,Female,35-49,5,Central Highlands,North Valley,District A,2024-03-23,2024,Mar,Yes,Yes,No,Insecure,False,1
R0414,Male,25-34,2,Central Highlands,South Ridge,District B,2024-02-13,2024,Feb,Yes,Yes,Yes,Insecure,True,0
R0415,Female,18-24,7,Central Highlands,North Valley,District C,2024-04-01,2024,Apr,No,Yes,No,Insecure,False,1
R0416,Male,50+,9,Central Highlands,South Ridge,District A,2024-04-11,2024,Apr,Yes,Yes,No,Secure,False,1
R0417,Male,25-34,10,Central Highlands,South Ridge,District B,2024-04-26,2024,Apr,No,No,No,Secure,True,0
R0418,Female,25-34,7,Central Highlands,South Ridge,District C,2024-03-08,2024,Mar,No,Yes,Yes,Insecure,True,0
R0419,Female,35-49,3,Central Highlands,East Plains,District C,2024-02-20,2024,Feb,Yes,No,No,Insecure,False,2
R0420,Female,25-34,9,Central Highlands,East Plains,District C,2024-01-25,2024,Jan,Yes,No,Yes,Insecure,False,3
R0421,Male,35-49,3,Central Highlands,South Ridge,District C,2024-01-23,2024,Jan,Yes,No,No,Insecure,False,3
R0422,Male,50+,4,Central Highlands,North Valley,District A,2024-04-14,2024,Apr,Yes,Yes,No,Secure,False,2
R0423,Male,50+,8,Central Highlands,South Ridge,District A,2024-03-22,2024,Mar,No,No,No,Insecure,False,1
R0424,Male,18-24,3,Central Highlands,North Valley,District C,2024-04-12,2024,Apr,Yes,Yes,Yes,Insecure,False,2
R0425,Male,18-24,7,Central Highlands,South Ridge,District A,2024-01-25,2024,Jan,Yes,Yes,No,Insecure,True,0
R0426,Male,18-24,6,Central Highlands,South Ridge,District A,2024-04-07,2024,Apr,Yes,Yes,No,Insecure,True,0
R0427,Female,25-34,4,Central Highlands,South Ridge,District A,2024-02-27,2024,Feb,Yes,Yes,No,Insecure,True,0
R0428,Male,35-49,5,Central Highlands,South Ridge,District A,2024-02-11,2024,Feb,Yes,Yes,Yes,Secure,False,1
R0429,Male,18-24,10,Central Highlands,East Plains,District C,2024-04-04,2024,Apr,Yes,No,No,Insecure,True,0
R0430,Female,25-34,9,Central Highlands,East Plains,District B,2024-03-18,2024,Mar,Yes,Yes,No,Insecure,False,3
R0431,Male,35-49,10,Central Highlands,North Valley,District C,2024-01-24,2024,Jan,No,Yes,Yes,Insecure,True,0
R0432,Male,35-49,5,Central Highlands,North Valley,District C,2024-02-13,2024,Feb,Yes,No,Yes,Secure,True,0
R0433,Male,50+,10,Central Highlands,North Valley,District B,2024-04-29,2024,Apr,No,Yes,No,Secure,False,1
R0434,Male,18-24,4,Central Highlands,South Ridge,District A,2024-04-05,2024,Apr,Yes,No,No,Insecure,False,3
R0435,Male,50+,4,Central Highlands,North Valley,District C,2024-04-29,2024,Apr,Yes,Yes,No,Insecure,False,2
R0436,Female,18-24,5,Central Highlands,East Plains,District C,2024-01-13,2024,Jan,Yes,No,Yes,Insecure,True,0
R0437,Female,50+,5,Central Highlands,South Ridge,District C,2024-02-25,2024,Feb,No,Yes,No,Insecure,False,2
R0438,Female,18-24,7,Central Highlands,South Ridge,District B,2024-03-02,2024,Mar,Yes,No,Yes,Secure,False,3
R0439,Female,50+,6,Central Highlands,East Plains,District B,2024-02-23,2024,Feb,Yes,Yes,Yes,Insecure,False,1
R0440,Female,25-34,8,Central Highlands,South Ridge,District A,2024-04-29,2024,Apr,No,No,No,Insecure,True,0
R0441,Male,18-24,5,Central Highlands,East Plains,District C,2024-02-14,2024,Feb,Yes,Yes,Yes,Secure,True,0
R0442,Male,18-24,7,Central Highlands,North Valley,District C,2024-03-05,2024,Mar,Yes,No,Yes,Insecure,False,2
R0443,Female,50+,3,Central Highlands,North Valley,District A,2024-02-19,2024,Feb,No,Yes,Yes,Secure,False,1
R0444,Male,18-24,2,Central Highlands,East Plains,District C,2024-03-09,2024,Mar,Yes,Yes,No,Insecure,True,0
R0445,Male,50+,5,Central Highlands,East Plains,District B,2024-01-13,2024,Jan,Yes,No,No,Secure,False,1
R0446,Male,50+,1,Central Highlands,South Ridge,District B,2024-03-11,2024,Mar,No,No,No,Insecure,False,3
R0447,Male,35-49,1,Central Highlands,North Valley,District A,2024-01-11,2024,Jan,No,Yes,No,Insecure,False,2
R0448,Female,50+,3,Central Highlands,East Plains,District B,2024-01-22,2024,Jan,Yes,No,Yes,Secure,False,3
R0449,Female,18-24,1,Central Highlands,East Plains,District A,2024-03-24,2024,Mar,Yes,No,Yes,Insecure,True,0
R0450,Female,35-49,5,Central Highlands,North Valley,District A,2024-04-24,2024,Apr,No,Yes,No,Insecure,True,0
R0451,Male,50+,1,Central Highlands,East Plains,District C,2024-03-29,2024,Mar,Yes,Yes,No,Insecure,True,0
R0452,Male,35-49,4,Central Highlands,North Valley,District A,2024-01-14,2024,Jan,No,Yes,No,Secure,False,1
R0453,Female,50+,7,Central Highlands,South Ridge,District C,2024-04-18,2024,Apr,No,No,No,Secure,False,2
R0454,Female,18-24,9,Central Highlands,North Valley,District C,2024-01-22,2024,Jan,Yes,Yes,Yes,Insecure,False,1
R0455,Female,35-49,6,Central Highlands,South Ridge,District A,2024-01-30,2024,Jan,Yes,No,No,Secure,False,3
R0456,Female,35-49,1,Central Highlands,South Ridge,District A,2024-01-07,2024,Jan,Yes,No,No,Insecure,False,2
R0457,Female,50+,10,Central Highlands,East Plains,District A,2024-04-02,2024,Apr,No,Yes,No,Secure,True,0
R0458,Female,25-34,1,Central Highlands,North Valley,District A,2024-03-19,2024,Mar,Yes,No,Yes,Secure,False,1
R0459,Female,50+,3,Central Highlands,South Ridge,District A,2024-02-07,2024,Feb,No,Yes,No,Secure,False,1
R0460,Male,18-24,7,Central Highlands,North Valley,District B,2024-04-01,2024,Apr,No,Yes,No,Secure,True,0
R0461,Female,50+,10,Central Highlands,North Valley,District C,2024-01-24,2024,Jan,Yes,No,Yes,Insecure,True,0
R0462,Male,35-49,8,Central Highlands,North Valley,District A,2024-03-22,2024,Mar,No,Yes,No,Insecure,True,0
R0463,Female,35-49,1,Central Highlands,South Ridge,District C,2024-03-29,2024,Mar,No,Yes,No,Insecure,True,0
R0464,Female,50+,2,Central Highlands,North Valley,District B,2024-02-08,2024,Feb,Yes,Yes,No,Insecure,False,3
R0465,Male,35-49,3,Central Highlands,South Ridge,District C,2024-01-11,2024,Jan,No,No,Yes,Secure,False,3
R0466,Male,25-34,6,Central Highlands,East Plains,District B,2024-03-20,2024,Mar,No,Yes,No,Secure,False,2
R0467,Female,50+,2,Central Highlands,North Valley,District B,2024-04-27,2024,Apr,Yes,Yes,No,Secure,False,1
R0468,Female,25-34,3,Central Highlands,North Valley,District B,2024-02-11,2024,Feb,Yes,Yes,Yes,Secure,False,3
R0469,Male,50+,7,Central Highlands,East Plains,District A,2024-03-07,2024,Mar,Yes,No,No,Insecure,True,0
R0470,Male,25-34,10,Central Highlands,South Ridge,District A,2024-01-19,2024,Jan,Yes,Yes,Yes,Insecure,True,0
R0471,Female,18-24,7,Central Highlands,East Plains,District C,2024-02-14,2024,Feb,No,Yes,Yes,Secure,True,0
R0472,Male,18-24,2,Central Highlands,South Ridge,District A,2024-04-19,2024,Apr,No,Yes,No,Insecure,True,0
R0473,Female,18-24,3,Central Highlands,South Ridge,District C,2024-01-26,2024,Jan,No,No,Yes,Insecure,False,1
R0474,Male,50+,6,Central Highlands,South Ridge,District C,2024-03-24,2024,Mar,No,Yes,Yes,Insecure,True,0
R0475,Male,18-24,10,Central Highlands,South Ridge,District A,2024-01-09,2024,Jan,Yes,No,Yes,Insecure,False,3
R0476,Male,50+,7,Central Highlands,North Valley,District A,2024-02-11,2024,Feb,No,Yes,Yes,Secure,False,3
R0477,Female,50+,7,Central Highlands,North Valley,District A,2024-02-24,2024,Feb,Yes,No,Yes,Insecure,False,3
R0478,Female,50+,6,Central Highlands,North Valley,District A,2024-03-26,2024,Mar,Yes,Yes,Yes,Secure,False,1
R0479,Female,50+,10,Central Highlands,North Valley,District C,2024-02-14,2024,Feb,Yes,No,No,Secure,True,0
R0480,Male,18-24,3,Central Highlands,South Ridge,District B,2024-03-26,2024,Mar,Yes,No,Yes,Insecure,True,0
R0481,Female,35-49,1,Central Highlands,East Plains,District A,2024-03-23,2024,Mar,Yes,No,Yes,Insecure,True,0
R0482,Male,18-24,9,Central Highlands,North Valley,District B,2024-02-24,2024,Feb,No,No,Yes,Insecure,True,0
R0483,Female,35-49,1,Central Highlands,South Ridge,District A,2024-02-24,2024,Feb,No,No,Yes,Insecure,False,1
R0484,Female,35-49,2,Central Highlands,South Ridge,District A,2024-02-29,2024,Feb,Yes,Yes,No,Secure,False,3
R0485,Male,50+,7,Central Highlands,South Ridge,District B,2024-01-16,2024,Jan,Yes,Yes,Yes,Insecure,False,1
R0486,Male,25-34,5,Central Highlands,East Plains,District A,2024-04-04,2024,Apr,Yes,Yes,No,Secure,True,0
R0487,Male,35-49,7,Central Highlands,North Valley,District C,2024-04-28,2024,Apr,Yes,No,Yes,Secure,True,0
R0488,Female,25-34,3,Central Highlands,North Valley,District C,2024-01-31,2024,Jan,No,Yes,Yes,Secure,False,2
R0489,Female,35-49,2,Central Highlands,North Valley,District C,2024-01-22,2024,Jan,Yes,Yes,Yes,Secure,True,0
R0490,Male,25-34,2,Central Highlands,East Plains,District A,2024-02-21,2024,Feb,No,No,No,Secure,True,0
R0491,Female,18-24,9,Central Highlands,North Valley,District C,2024-04-12,2024,Apr,Yes,Yes,Yes,Secure,False,1
R0492,Male,18-24,9,Central Highlands,East Plains,District A,2024-03-17,2024,Mar,No,Yes,Yes,Insecure,True,0
R0493,Female,18-24,4,Central Highlands,East Plains,District A,2024-01-04,2024,Jan,Yes,No,Yes,Secure,True,0
R0494,Male,50+,5,Central Highlands,South Ridge,District B,2024-04-02,2024,Apr,Yes,Yes,No,Secure,False,2
R0495,Male,25-34,9,Central Highlands,South Ridge,District C,2024-04-29,2024,Apr,No,No,No,Insecure,True,0
R0496,Male,50+,4,Central Highlands,North Valley,District C,2024-04-03,2024,Apr,Yes,No,No,Secure,False,1
R0497,Male,35-49,9,Central Highlands,North Valley,District B,2024-04-25,2024,Apr,No,Yes,Yes,Insecure,True,0
R0498,Female,50+,10,Central Highlands,North Valley,District A,2024-03-13,2024,Mar,No,No,No,Insecure,False,1
R0499,Female,35-49,8,Central Highlands,South Ridge,District C,2024-02-16,2024,Feb,Yes,Yes,No,Secure,False,2
R0500,Male,25-34,7,Central Highlands,South Ridge,District A,2024-01-06,2024,Jan,Yes,No,Yes,Secure,False,1
R0501,Male,25-34,3,Central Highlands,South Ridge,District B,2024-01-31,2024,Jan,Yes,Yes,Yes,Secure,False,1
R0502,Female,25-34,4,Central Highlands,East Plains,District C,2024-01-30,2024,Jan,No,Yes,Yes,Insecure,True,0
R0503,Male,18-24,4,Central Highlands,South Ridge,District C,2024-01-14,2024,Jan,Yes,No,No,Insecure,False,3
R0504,Male,18-24,9,Central Highlands,South Ridge,District A,2024-03-06,2024,Mar,No,Yes,Yes,Insecure,False,1
R0505,Female,25-34,8,Central Highlands,South Ridge,District A,2024-01-22,2024,Jan,Yes,No,Yes,Insecure,True,0
R0506,Female,50+,4,Central Highlands,East Plains,District B,2024-02-09,2024,Feb,Yes,No,Yes,Insecure,True,0
R0507,Female,50+,10,Central Highlands,East Plains,District B,2024-01-15,2024,Jan,Yes,Yes,Yes,Insecure,False,1
R0508,Female,25-34,2,Central Highlands,South Ridge,District A,2024-04-22,2024,Apr,Yes,No,No,Insecure,True,0
R0509,Male,18-24,2,Central Highlands,North Valley,District A,2024-02-19,2024,Feb,Yes,No,Yes,Insecure,True,0
R0510,Female,18-24,2,Central Highlands,North Valley,District C,2024-03-14,2024,Mar,No,Yes,No,Secure,False,3
R0511,Male,25-34,3,Central Highlands,East Plains,District B,2024-03-08,2024,Mar,No,Yes,No,Insecure,False,1
R0512,Male,50+,3,Central Highlands,East Plains,District C,2024-04-21,2024,Apr,Yes,No,Yes,Insecure,False,3
R0513,Male,50+,1,Central Highlands,North Valley,District C,2024-01-04,2024,Jan,Yes,No,No,Insecure,True,0
R0514,Female,35-49,6,Central Highlands,East Plains,District C,2024-03-17,2024,Mar,Yes,Yes,No,Secure,False,3
R0515,Male,18-24,8,Central Highlands,South Ridge,District B,2024-01-09,2024,Jan,No,No,No,Insecure,False,3
R0516,Female,25-34,6,Central Highlands,South Ridge,District B,2024-01-17,2024,Jan,Yes,Yes,Yes,Insecure,False,1
R0517,Female,35-49,6,Central Highlands,North Valley,District C,2024-02-20,2024,Feb,Yes,No,Yes,Insecure,False,1
R0518,Male,18-24,6,Central Highlands,South Ridge,District A,2024-04-26,2024,Apr,No,Yes,No,Secure,True,0
R0519,Female,35-49,3,Central Highlands,East Plains,District B,2024-02-01,2024,Feb,No,No,Yes,Secure,False,3
R0520,Female,35-49,2,Central Highlands,North Valley,District A,2024-04-06,2024,Apr,No,No,Yes,Insecure,True,0
R0521,Male,25-34,5,Central Highlands,South Ridge,District C,2024-03-05,2024,Mar,No,Yes,No,Secure,True,0
R0522,Female,18-24,9,Central Highlands,East Plains,District B,2024-04-24,2024,Apr,No,No,No,Insecure,True,0
R0523,Female,35-49,4,Central Highlands,South Ridge,District C,2024-02-13,2024,Feb,Yes,No,Yes,Insecure,False,2
R0524,Male,35-49,5,Central Highlands,North Valley,District B,2024-01-02,2024,Jan,No,Yes,Yes,Insecure,True,0
R0525,Male,50+,6,Central Highlands,East Plains,District B,2024-01-22,2024,Jan,Yes,No,No,Insecure,False,3
R0526,Female,35-49,3,Central Highlands,South Ridge,District C,2024-01-12,2024,Jan,No,No,Yes,Secure,False,2
R0527,Female,18-24,8,Central Highlands,South Ridge,District C,2024-03-13,2024,Mar,Yes,No,No,Insecure,False,1
R0528,Male,18-24,7,Central Highlands,East Plains,District B,2024-04-06,2024,Apr,No,Yes,No,Secure,False,1
R0529,Male,25-34,10,Central Highlands,East Plains,District A,2024-03-30,2024,Mar,Yes,Yes,Yes,Secure,True,0
R0530,Female,18-24,7,Central Highlands,South Ridge,District B,2024-04-10,2024,Apr,No,Yes,No,Secure,True,0
R0531,Female,18-24,7,Central Highlands,North Valley,District C,2024-03-23,2024,Mar,No,Yes,No,Secure,True,0
R0532,Male,25-34,10,Central Highlands,North Valley,District C,2024-03-11,2024,Mar,Yes,Yes,Yes,Insecure,True,0
R0533,Female,35-49,2,Central Highlands,North Valley,District B,2024-01-07,2024,Jan,Yes,No,Yes,Insecure,True,0
R0534,Female,25-34,9,Central Highlands,South Ridge,District B,2024-03-06,2024,Mar,Yes,Yes,Yes,Insecure,False,2
R0535,Male,35-49,10,Central Highlands,East Plains,District B,2024-01-02,2024,Jan,No,No,No,Secure,True,0
R0536,Female,35-49,4,Central Highlands,East Plains,District B,2024-04-20,2024,Apr,Yes,Yes,No,Secure,True,0
R0537,Female,25-34,1,Central Highlands,East Plains,District C,2024-03-16,2024,Mar,Yes,No,No,Secure,False,3
R0538,Female,25-34,1,Central Highlands,North Valley,District B,2024-02-25,2024,Feb,Yes,No,Yes,Insecure,False,3
R0539,Male,25-34,3,Central Highlands,North Valley,District B,2024-03-24,2024,Mar,Yes,Yes,Yes,Secure,False,3
R0540,Female,25-34,1,Central Highlands,East Plains,District A,2024-03-21,2024,Mar,Yes,Yes,No,Insecure,False,2
R0541,Female,18-24,5,Central Highlands,North Valley,District A,2024-02-02,2024,Feb,Yes,Yes,No,Secure,False,3
R0542,Female,25-34,4,Central Highlands,North Valley,District B,2024-03-09,2024,Mar,No,Yes,No,Insecure,False,3
R0543,Male,25-34,7,Central Highlands,North Valley,District A,2024-01-24,2024,Jan,Yes,Yes,Yes,Secure,False,1
R0544,Male,50+,7,Central Highlands,South Ridge,District A,2024-01-14,2024,Jan,Yes,No,No,Secure,False,2
R0545,Female,18-24,1,Central Highlands,East Plains,District B,2024-04-16,2024,Apr,No,Yes,Yes,Secure,False,2
R0546,Female,18-24,6,Central Highlands,East Plains,District B,2024-01-04,2024,Jan,Yes,No,No,Secure,True,0
R0547,Female,35-49,1,Central Highlands,East Plains,District A,2024-02-25,2024,Feb,Yes,Yes,No,Secure,False,1
R0548,Male,50+,1,Central Highlands,South Ridge,District C,2024-04-07,2024,Apr,No,Yes,Yes,Insecure,True,0
R0549,Male,50+,7,Central Highlands,South Ridge,District B,2024-03-29,2024,Mar,No,Yes,No,Insecure,True,0
R0550,Male,18-24,10,Central Highlands,South Ridge,District B,2024-01-22,2024,Jan,Yes,No,No,Secure,False,1
R0551,Female,18-24,4,Central Highlands,East Plains,District A,2024-04-26,2024,Apr,Yes,Yes,Yes,Secure,True,0
R0552,Male,25-34,9,Central Highlands,South Ridge,District C,2024-02-07,2024,Feb,No,Yes,Yes,Insecure,False,3
R0553,Male,25-34,3,Central Highlands,North Valley,District B,2024-04-25,2024,Apr,No,Yes,No,Secure,False,2
R0554,Male,50+,4,Central Highlands,South Ridge,District A,2024-01-18,2024,Jan,Yes,Yes,No,Secure,False,2
R0555,Female,18-24,6,Central Highlands,North Valley,District A,2024-03-05,2024,Mar,No,No,No,Secure,False,1
R0556,Female,25-34,3,Central Highlands,North Valley,District C,2024-01-05,2024,Jan,Yes,No,Yes,Insecure,True,0
R0557,Female,18-24,4,Central Highlands,South Ridge,District B,2024-01-01,2024,Jan,No,Yes,Yes,Insecure,False,2
R0558,Female,50+,8,Central Highlands,East Plains,District C,2024-01-29,2024,Jan,Yes,Yes,No,Secure,False,2
R0559,Female,35-49,2,Central Highlands,South Ridge,District C,2024-04-07,2024,Apr,No,Yes,Yes,Secure,False,1
R0560,Female,50+,6,Central Highlands,East Plains,District B,2024-01-17,2024,Jan,No,Yes,No,Secure,False,2
R0561,Female,18-24,10,Central Highlands,East Plains,District A,2024-03-16,2024,Mar,Yes,Yes,Yes,Insecure,False,2
R0562,Female,25-34,4,Central Highlands,East Plains,District B,2024-04-28,2024,Apr,Yes,Yes,No,Insecure,True,0
R0563,Female,18-24,3,Central Highlands,North Valley,District B,2024-02-26,2024,Feb,Yes,Yes,No,Insecure,False,2
R0564,Female,35-49,7,Central Highlands,South Ridge,District A,2024-02-13,2024,Feb,Yes,No,Yes,Secure,False,3
R0565,Male,50+,10,Central Highlands,North Valley,District A,2024-02-19,2024,Feb,Yes,No,No,Insecure,False,2
R0566,Male,25-34,5,Central Highlands,South Ridge,District B,2024-01-16,2024,Jan,Yes,No,Yes,Insecure,False,2
R0567,Female,50+,1,Central Highlands,North Valley,District A,2024-01-02,2024,Jan,No,Yes,Yes,Insecure,False,1
R0568,Male,50+,4,Central Highlands,North Valley,District C,2024-03-11,2024,Mar,Yes,Yes,Yes,Secure,False,1
R0569,Female,50+,6,Central Highlands,East Plains,District B,2024-01-23,2024,Jan,Yes,No,No,Secure,True,0
R0570,Female,18-24,3,Central Highlands,East Plains,District B,2024-03-22,2024,Mar,Yes,No,Yes,Insecure,False,3
R0571,Female,50+,7,Central Highlands,North Valley,District C,2024-01-18,2024,Jan,No,Yes,No,Insecure,False,2
R0572,Female,18-24,1,Central Highlands,East Plains,District A,2024-01-23,2024,Jan,No,No,No,Secure,False,2
R0573,Female,50+,9,Central Highlands,North Valley,District C,2024-01-10,2024,Jan,Yes,Yes,Yes,Insecure,False,2
R0574,Female,50+,2,Central Highlands,North Valley,District A,2024-01-08,2024,Jan,No,Yes,No,Secure,False,2
R0575,Male,50+,5,Central Highlands,South Ridge,District B,2024-03-22,2024,Mar,Yes,Yes,No,Secure,True,0
R0576,Female,35-49,7,Central Highlands,South Ridge,District B,2024-01-23,2024,Jan,Yes,Yes,Yes,Secure,False,1
R0577,Male,18-24,3,Central Highlands,North Valley,District A,2024-04-22,2024,Apr,No,No,Yes,Secure,False,1
R0578,Male,25-34,5,Central Highlands,South Ridge,District A,2024-04-03,2024,Apr,Yes,Yes,No,Secure,False,2
R0579,Female,35-49,8,Central Highlands,North Valley,District C,2024-03-04,2024,Mar,No,No,Yes,Secure,True,0
R0580,Female,18-24,5,Central Highlands,North Valley,District A,2024-04-23,2024,Apr,Yes,No,No,Secure,True,0
R0581,Female,35-49,7,Central Highlands,North Valley,District B,2024-03-16,2024,Mar,No,Yes,No,Insecure,False,3
R0582,Male,50+,5,Central Highlands,North Valley,District B,2024-03-08,2024,Mar,No,Yes,Yes,Secure,True,0
R0583,Female,35-49,4,Central Highlands,North Valley,District C,2024-03-07,2024,Mar,Yes,No,Yes,Insecure,True,0
R0584,Female,18-24,6,Central Highlands,South Ridge,District C,2024-04-22,2024,Apr,Yes,No,Yes,Insecure,True,0
R0585,Female,50+,2,Central Highlands,East Plains,District C,2024-02-27,2024,Feb,Yes,No,No,Secure,True,0
R0586,Female,18-24,8,Central Highlands,East Plains,District A,2024-03-06,2024,Mar,No,Yes,Yes,Secure,False,1
R0587,Female,18-24,5,Central Highlands,North Valley,District A,2024-02-18,2024,Feb,No,Yes,Yes,Secure,True,0
R0588,Male,18-24,3,Central Highlands,North Valley,District B,2024-03-03,2024,Mar,Yes,No,Yes,Insecure,False,1
R0589,Male,50+,2,Central Highlands,East Plains,District A,2024-03-05,2024,Mar,No,No,No,Insecure,True,0
R0590,Female,25-34,2,Central Highlands,South Ridge,District C,2024-04-06,2024,Apr,No,Yes,Yes,Insecure,True,0
R0591,Male,25-34,7,Central Highlands,East Plains,District B,2024-02-29,2024,Feb,Yes,Yes,Yes,Secure,False,1
R0592,Female,50+,10,Central Highlands,East Plains,District A,2024-04-02,2024,Apr,No,Yes,No,Insecure,True,0
R0593,Female,25-34,4,Central Highlands,North Valley,District A,2024-02-15,2024,Feb,No,Yes,Yes,Insecure,True,0
R0594,Female,50+,9,Central Highlands,East Plains,District C,2024-01-02,2024,Jan,No,No,Yes,Insecure,False,3
R0595,Male,50+,3,Central Highlands,North Valley,District C,2024-03-14,2024,Mar,Yes,Yes,No,Secure,False,1
R0596,Female,35-49,3,Central Highlands,South Ridge,District A,2024-03-03,2024,Mar,Yes,No,Yes,Secure,False,1
R0597,Male,25-34,4,Central Highlands,South Ridge,District B,2024-04-04,2024,Apr,Yes,No,Yes,Insecure,False,2
R0598,Female,35-49,3,Central Highlands,East Plains,District A,2024-04-16,2024,Apr,Yes,Yes,No,Secure,False,3
R0599,Female,25-34,5,Central Highlands,North Valley,District A,2024-01-07,2024,Jan,Yes,Yes,No,Secure,False,2
R0600,Male,35-49,5,Central Highlands,North Valley,District C,2024-04-08,2024,Apr,No,Yes,Yes,Secure,False,1
R0601,Male,25-34,6,Central Highlands,East Plains,District B,2024-03-04,2024,Mar,Yes,Yes,No,Insecure,False,2
R0602,Male,35-49,9,Central Highlands,North Valley,District A,2024-02-15,2024,Feb,No,Yes,Yes,Insecure,False,1
R0603,Male,35-49,1,Central Highlands,South Ridge,District C,2024-04-16,2024,Apr,Yes,Yes,Yes,Secure,False,2
R0604,Male,18-24,6,Central Highlands,East Plains,District B,2024-02-05,2024,Feb,No,Yes,No,Secure,False,1
R0605,Female,25-34,9,Central Highlands,North Valley,District C,2024-04-03,2024,Apr,Yes,No,Yes,Secure,True,0
R0606,Male,50+,2,Central Highlands,North Valley,District A,2024-04-27,2024,Apr,Yes,No,No,Insecure,False,1
R0607,Male,35-49,4,Central Highlands,South Ridge,District B,2024-02-07,2024,Feb,Yes,Yes,No,Secure,False,2
R0608,Male,25-34,4,Central Highlands,South Ridge,District B,2024-03-31,2024,Mar,Yes,Yes,No,Insecure,False,3
R0609,Female,35-49,4,Central Highlands,North Valley,District B,2024-04-10,2024,Apr,Yes,Yes,No,Insecure,True,0
R0610,Female,18-24,8,Central Highlands,South Ridge,District B,2024-03-21,2024,Mar,Yes,No,Yes,Insecure,False,1
R0611,Female,35-49,4,Central Highlands,South Ridge,District B,2024-03-14,2024,Mar,Yes,No,Yes,Secure,True,0
R0612,Female,35-49,9,Central Highlands,South Ridge,District B,2024-01-10,2024,Jan,No,No,Yes,Secure,False,3
R0613,Female,25-34,9,Central Highlands,North Valley,District B,2024-02-27,2024,Feb,Yes,Yes,Yes,Secure,True,0
R0614,Female,18-24,3,Central Highlands,North Valley,District C,2024-01-08,2024,Jan,No,Yes,No,Insecure,False,2
R0615,Male,50+,6,Central Highlands,South Ridge,District B,2024-01-14,2024,Jan,Yes,No,No,Insecure,False,1
R0616,Female,18-24,7,Central Highlands,East Plains,District C,2024-01-29,2024,Jan,No,Yes,Yes,Secure,False,3
R0617,Female,50+,10,Central Highlands,South Ridge,District A,2024-03-16,2024,Mar,Yes,No,No,Secure,True,0
R0618,Male,25-34,10,Central Highlands,East Plains,District C,2024-02-09,2024,Feb,No,No,Yes,Insecure,False,3
R0619,Female,35-49,6,Central Highlands,North Valley,District B,2024-03-17,2024,Mar,Yes,Yes,Yes,Secure,False,2
R0620,Male,50+,4,Central Highlands,South Ridge,District A,2024-02-15,2024,Feb,Yes,Yes,No,Secure,False,2
R0621,Male,35-49,9,Central Highlands,East Plains,District C,2024-04-11,2024,Apr,Yes,Yes,Yes,Secure,False,3
R0622,Male,50+,6,Central Highlands,South Ridge,District B,2024-03-29,2024,Mar,No,No,Yes,Secure,False,1
R0623,Male,25-34,10,Central Highlands,South Ridge,District B,2024-04-04,2024,Apr,Yes,Yes,No,Insecure,True,0
R0624,Male,25-34,7,Central Highlands,South Ridge,District B,2024-04-27,2024,Apr,No,No,No,Secure,False,3
R0625,Male,18-24,8,Central Highlands,North Valley,District A,2024-02-10,2024,Feb,No,No,No,Insecure,False,1
R0626,Female,50+,2,Central Highlands,South Ridge,District A,2024-03-23,2024,Mar,Yes,Yes,Yes,Insecure,True,0
R0627,Female,18-24,9,Central Highlands,North Valley,District C,2024-01-27,2024,Jan,No,No,No,Insecure,True,0
R0628,Female,18-24,10,Central Highlands,South Ridge,District C,2024-03-26,2024,Mar,Yes,No,No,Secure,True,0
R0629,Male,50+,5,Central Highlands,North Valley,District C,2024-04-09,2024,Apr,No,Yes,Yes,Insecure,False,1
R0630,Male,50+,10,Central Highlands,North Valley,District A,2024-03-14,2024,Mar,No,No,No,Secure,False,1
R0631,Male,35-49,8,Central Highlands,North Valley,District C,2024-03-26,2024,Mar,No,Yes,No,Insecure,False,2
R0632,Female,25-34,5,Central Highlands,North Valley,District A,2024-01-26,2024,Jan,Yes,Yes,Yes,Insecure,True,0
R0633,Female,18-24,1,Central Highlands,North Valley,District A,2024-03-30,2024,Mar,Yes,Yes,No,Insecure,True,0
R0634,Male,50+,4,Central Highlands,North Valley,District B,2024-01-05,2024,Jan,No,Yes,Yes,Insecure,False,1
R0635,Male,35-49,1,Central Highlands,South Ridge,District A,2024-02-09,2024,Feb,No,Yes,No,Secure,False,1
R0636,Female,25-34,5,Central Highlands,South Ridge,District C,2024-03-22,2024,Mar,Yes,No,Yes,Insecure,False,2
R0637,Male,50+,6,Central Highlands,North Valley,District A,2024-04-27,2024,Apr,Yes,No,No,Insecure,True,0
R0638,Female,50+,3,Central Highlands,East Plains,District B,2024-02-09,2024,Feb,Yes,Yes,No,Insecure,False,2
R0639,Female,25-34,8,Central Highlands,North Valley,District C,2024-01-19,2024,Jan,No,Yes,No,Secure,False,1
R0640,Male,18-24,5,Central Highlands,South Ridge,District C,2024-04-21,2024,Apr,No,Yes,No,Secure,True,0
R0641,Female,35-49,9,Central Highlands,South Ridge,District B,2024-04-15,2024,Apr,No,No,No,Insecure,True,0
R0642,Female,18-24,6,Central Highlands,East Plains,District B,2024-04-01,2024,Apr,No,No,Yes,Insecure,True,0
R0643,Female,35-49,7,Central Highlands,East Plains,District C,2024-02-08,2024,Feb,Yes,No,No,Secure,True,0
R0644,Female,50+,6,Central Highlands,North Valley,District A,2024-02-18,2024,Feb,No,Yes,No,Secure,False,1
R0645,Female,50+,6,Central Highlands,South Ridge,District A,2024-03-20,2024,Mar,No,Yes,Yes,Secure,False,2
R0646,Female,18-24,3,Central Highlands,South Ridge,District C,2024-02-05,2024,Feb,Yes,Yes,No,Insecure,True,0
R0647,Male,35-49,6,Central Highlands,South Ridge,District C,2024-02-24,2024,Feb,Yes,Yes,No,Insecure,True,0
R0648,Male,50+,1,Central Highlands,East Plains,District B,2024-01-11,2024,Jan,Yes,Yes,Yes,Secure,True,0
R0649,Female,35-49,9,Central Highlands,North Valley,District A,2024-03-08,2024,Mar,No,No,Yes,Secure,False,3
R0650,Male,50+,7,Central Highlands,East Plains,District A,2024-04-11,2024,Apr,No,No,No,Insecure,False,3
R0651,Female,35-49,2,Central Highlands,South Ridge,District C,2024-02-20,2024,Feb,Yes,No,Yes,Insecure,False,2
R0652,Male,25-34,2,Central Highlands,South Ridge,District A,2024-03-14,2024,Mar,Yes,No,Yes,Insecure,True,0
R0653,Female,18-24,2,Central Highlands,East Plains,District C,2024-03-21,2024,Mar,No,Yes,No,Secure,False,2
R0654,Female,35-49,5,Central Highlands,North Valley,District B,2024-02-29,2024,Feb,Yes,Yes,Yes,Insecure,True,0
R0655,Male,50+,10,Central Highlands,North Valley,District A,2024-02-14,2024,Feb,No,Yes,No,Insecure,False,2
R0656,Female,25-34,8,Central Highlands,South Ridge,District C,2024-04-04,2024,Apr,No,No,Yes,Insecure,False,3
R0657,Female,18-24,5,Central Highlands,North Valley,District B,2024-04-25,2024,Apr,No,No,Yes,Secure,False,1
R0658,Female,25-34,4,Central Highlands,East Plains,District C,2024-03-18,2024,Mar,Yes,Yes,Yes,Insecure,False,3
R0659,Female,18-24,3,Central Highlands,South Ridge,District C,2024-03-05,2024,Mar,Yes,Yes,Yes,Secure,False,1
R0660,Male,50+,1,Central Highlands,North Valley,District A,2024-03-31,2024,Mar,Yes,Yes,No,Secure,True,0
R0661,Female,25-34,7,Central Highlands,South Ridge,District B,2024-03-12,2024,Mar,No,No,Yes,Insecure,True,0
R0662,Female,50+,1,Central Highlands,South Ridge,District C,2024-02-14,2024,Feb,Yes,No,No,Insecure,False,1
R0663,Male,25-34,1,Central Highlands,South Ridge,District B,2024-04-11,2024,Apr,Yes,Yes,No,Secure,True,0
R0664,Male,25-34,2,Central Highlands,East Plains,District B,2024-01-24,2024,Jan,Yes,No,No,Secure,False,2
R0665,Male,35-49,9,Central Highlands,South Ridge,District C,2024-03-25,2024,Mar,No,No,No,Secure,True,0
R0666,Male,25-34,4,Central Highlands,South Ridge,District B,2024-03-27,2024,Mar,No,Yes,No,Insecure,False,3
R0667,Female,50+,1,Central Highlands,East Plains,District C,2024-02-29,2024,Feb,Yes,Yes,No,Insecure,False,2
R0668,Female,18-24,6,Central Highlands,South Ridge,District C,2024-01-30,2024,Jan,No,Yes,No,Insecure,True,0
R0669,Male,50+,6,Central Highlands,North Valley,District C,2024-03-07,2024,Mar,No,Yes,Yes,Secure,False,1
R0670,Female,50+,7,Central Highlands,South Ridge,District A,2024-02-05,2024,Feb,No,Yes,Yes,Insecure,False,3
R0671,Female,25-34,1,Central Highlands,South Ridge,District A,2024-04-04,2024,Apr,Yes,No,Yes,Secure,True,0
R0672,Female,35-49,2,Central Highlands,East Plains,District B,2024-04-18,2024,Apr,Yes,No,Yes,Insecure,True,0
R0673,Female,50+,7,Central Highlands,South Ridge,District B,2024-04-04,2024,Apr,No,Yes,No,Insecure,False,2
R0674,Female,25-34,5,Central Highlands,North Valley,District A,2024-04-16,2024,Apr,Yes,Yes,No,Secure,True,0
R0675,Male,25-34,5,Central Highlands,East Plains,District A,2024-01-15,2024,Jan,Yes,Yes,Yes,Secure,False,3
R0676,Male,50+,7,Central Highlands,North Valley,District B,2024-01-16,2024,Jan,No,No,Yes,Insecure,False,1
R0677,Male,25-34,5,Central Highlands,East Plains,District A,2024-02-28,2024,Feb,Yes,No,No,Insecure,False,1
R0678,Male,35-49,10,Central Highlands,East Plains,District B,2024-04-04,2024,Apr,No,Yes,Yes,Insecure,True,0
R0679,Male,25-34,4,Central Highlands,South Ridge,District B,2024-04-02,2024,Apr,Yes,No,No,Insecure,False,1
R0680,Female,35-49,8,Central Highlands,East Plains,District C,2024-02-06,2024,Feb,Yes,Yes,Yes,Insecure,True,0
R0681,Female,50+,10,Central Highlands,East Plains,District B,2024-01-21,2024,Jan,Yes,Yes,No,Insecure,True,0
R0682,Male,50+,4,Central Highlands,South Ridge,District C,2024-02-14,2024,Feb,No,No,No,Insecure,False,1
R0683,Female,18-24,6,Central Highlands,South Ridge,District B,2024-04-09,2024,Apr,No,Yes,No,Insecure,False,1
R0684,Female,25-34,5,Central Highlands,South Ridge,District B,2024-04-01,2024,Apr,No,No,Yes,Secure,False,3
R0685,Female,50+,8,Central Highlands,North Valley,District B,2024-04-07,2024,Apr,Yes,No,No,Secure,False,3
R0686,Female,50+,1,Central Highlands,North Valley,District C,2024-01-06,2024,Jan,No,No,Yes,Secure,True,0
R0687,Male,18-24,5,Central Highlands,North Valley,District C,2024-04-19,2024,Apr,Yes,No,Yes,Insecure,False,2
R0688,Male,25-34,5,Central Highlands,South Ridge,District B,2024-02-08,2024,Feb,Yes,No,Yes,Secure,False,3
R0689,Female,50+,9,Central Highlands,South Ridge,District C,2024-04-14,2024,Apr,No,Yes,No,Insecure,True,0
R0690,Male,18-24,1,Central Highlands,South Ridge,District A,2024-03-05,2024,Mar,Yes,Yes,Yes,Insecure,False,1
R0691,Female,50+,5,Central Highlands,East Plains,District B,2024-01-27,2024,Jan,No,Yes,Yes,Insecure,False,2
R0692,Female,50+,7,Central Highlands,South Ridge,District C,2024-01-28,2024,Jan,Yes,Yes,No,Insecure,False,1
R0693,Male,18-24,7,Central Highlands,North Valley,District B,2024-02-02,2024,Feb,No,No,No,Insecure,False,1
R0694,Female,50+,9,Central Highlands,South Ridge,District C,2024-03-14,2024,Mar,Yes,No,No,Insecure,True,0
R0695,Male,18-24,3,Central Highlands,South Ridge,District C,2024-01-24,2024,Jan,Yes,Yes,No,Insecure,False,2
R0696,Male,35-49,7,Central Highlands,North Valley,District B,2024-03-29,2024,Mar,No,No,No,Insecure,False,1
R0697,Female,18-24,7,Central Highlands,South Ridge,District B,2024-04-21,2024,Apr,Yes,No,No,Insecure,False,3
R0698,Female,18-24,1,Central Highlands,South Ridge,District A,2024-01-02,2024,Jan,Yes,Yes,No,Secure,True,0
R0699,Male,25-34,7,Central Highlands,South Ridge,District C,2024-02-15,2024,Feb,No,Yes,No,Insecure,False,3
R0700,Male,18-24,5,Central Highlands,East Plains,District B,2024-03-16,2024,Mar,No,Yes,Yes,Secure,True,0
R0701,Female,25-34,8,Central Highlands,North Valley,District C,2024-03-05,2024,Mar,Yes,No,Yes,Insecure,True,0
R0702,Female,50+,7,Central Highlands,East Plains,District C,2024-02-06,2024,Feb,Yes,No,Yes,Insecure,True,0
R0703,Male,18-24,5,Central Highlands,North Valley,District C,2024-02-08,2024,Feb,Yes,Yes,No,Insecure,True,0
R0704,Female,50+,7,Central Highlands,East Plains,District C,2024-04-04,2024,Apr,No,Yes,No,Insecure,False,1
R0705,Male,50+,2,Central Highlands,North Valley,District A,2024-04-24,2024,Apr,Yes,Yes,Yes,Secure,False,1
R0706,Male,18-24,9,Central Highlands,South Ridge,District C,2024-04-16,2024,Apr,Yes,No,Yes,Insecure,False,3
R0707,Female,25-34,3,Central Highlands,North Valley,District C,2024-03-08,2024,Mar,Yes,Yes,No,Secure,False,2
R0708,Male,35-49,6,Central Highlands,North Valley,District B,2024-03-18,2024,Mar,Yes,No,Yes,Secure,False,2
R0709,Female,35-49,5,Central Highlands,North Valley,District A,2024-01-02,2024,Jan,Yes,Yes,Yes,Insecure,True,0
R0710,Female,18-24,8,Central Highlands,East Plains,District A,2024-03-12,2024,Mar,Yes,Yes,Yes,Insecure,True,0
R0711,Female,25-34,6,Central Highlands,East Plains,District B,2024-02-15,2024,Feb,No,No,Yes,Insecure,True,0
R0712,Female,50+,6,Central Highlands,North Valley,District A,2024-01-10,2024,Jan,Yes,Yes,Yes,Insecure,False,3
R0713,Male,25-34,1,Central Highlands,South Ridge,District B,2024-03-17,2024,Mar,Yes,Yes,Yes,Secure,True,0
R0714,Male,50+,8,Central Highlands,East Plains,District B,2024-01-30,2024,Jan,Yes,No,No,Insecure,True,0
R0715,Male,18-24,6,Central Highlands,North Valley,District A,2024-04-23,2024,Apr,No,Yes,Yes,Secure,True,0
R0716,Male,35-49,5,Central Highlands,North Valley,District C,2024-03-02,2024,Mar,No,Yes,No,Secure,False,1
R0717,Male,25-34,3,Central Highlands,North Valley,District A,2024-02-22,2024,Feb,Yes,No,Yes,Secure,True,0
R0718,Female,25-34,8,Central Highlands,East Plains,District B,2024-03-03,2024,Mar,No,Yes,Yes,Insecure,True,0
R0719,Male,18-24,8,Central Highlands,South Ridge,District C,2024-04-21,2024,Apr,No,Yes,No,Insecure,False,3
R0720,Female,25-34,4,Central Highlands,East Plains,District B,2024-01-17,2024,Jan,No,No,No,Secure,True,0
R0721,Female,50+,8,Central Highlands,South Ridge,District A,2024-03-22,2024,Mar,No,Yes,No,Secure,True,0
R0722,Male,18-24,2,Central Highlands,North Valley,District B,2024-01-19,2024,Jan,Yes,Yes,Yes,Secure,False,1
R0723,Female,50+,10,Central Highlands,South Ridge,District B,2024-04-15,2024,Apr,No,Yes,No,Secure,True,0
R0724,Female,25-34,9,Central Highlands,North Valley,District A,2024-04-28,2024,Apr,Yes,Yes,No,Insecure,True,0
R0725,Male,18-24,4,Central Highlands,South Ridge,District C,2024-01-06,2024,Jan,No,No,Yes,Secure,False,3
R0726,Male,25-34,4,Central Highlands,North Valley,District A,2024-04-13,2024,Apr,No,No,Yes,Insecure,True,0
R0727,Male,35-49,10,Central Highlands,East Plains,District C,2024-01-27,2024,Jan,Yes,Yes,No,Insecure,False,3
R0728,Female,18-24,1,Central Highlands,South Ridge,District B,2024-04-18,2024,Apr,Yes,No,No,Insecure,False,3
R0729,Male,35-49,1,Central Highlands,South Ridge,District B,2024-02-08,2024,Feb,Yes,Yes,Yes,Secure,False,1
R0730,Female,50+,9,Central Highlands,South Ridge,District C,2024-01-23,2024,Jan,Yes,Yes,Yes,Insecure,False,3
R0731,Male,50+,4,Central Highlands,East Plains,District B,2024-03-13,2024,Mar,No,No,Yes,Insecure,False,2
R0732,Male,50+,8,Central Highlands,South Ridge,District C,2024-03-23,2024,Mar,Yes,No,Yes,Secure,False,3
R0733,Male,18-24,1,Central Highlands,North Valley,District A,2024-01-09,2024,Jan,No,Yes,No,Secure,False,2
R0734,Female,35-49,3,Central Highlands,North Valley,District B,2024-04-15,2024,Apr,Yes,No,No,Secure,False,1
R0735,Male,18-24,6,Central Highlands,South Ridge,District B,2024-03-19,2024,Mar,No,No,Yes,Insecure,True,0
R0736,Male,35-49,8,Central Highlands,East Plains,District A,2024-01-28,2024,Jan,No,Yes,Yes,Secure,True,0
R0737,Male,18-24,1,Central Highlands,South Ridge,District A,2024-01-24,2024,Jan,No,Yes,No,Secure,True,0
R0738,Female,35-49,3,Central Highlands,North Valley,District A,2024-02-20,2024,Feb,Yes,Yes,No,Insecure,False,1
R0739,Female,35-49,8,Central Highlands,South Ridge,District C,2024-03-12,2024,Mar,Yes,Yes,No,Insecure,False,2
R0740,Female,18-24,9,Central Highlands,East Plains,District C,2024-03-18,2024,Mar,No,Yes,No,Insecure,False,2
R0741,Female,25-34,10,Central Highlands,South Ridge,District C,2024-04-19,2024,Apr,Yes,No,No,Insecure,False,2
R0742,Male,18-24,1,Central Highlands,East Plains,District C,2024-04-21,2024,Apr,Yes,No,No,Insecure,True,0
R0743,Male,18-24,9,Central Highlands,East Plains,District A,2024-02-28,2024,Feb,No,Yes,No,Insecure,True,0
R0744,Male,35-49,10,Central Highlands,East Plains,District A,2024-02-02,2024,Feb,No,No,Yes,Secure,True,0
R0745,Male,35-49,10,Central Highlands,South Ridge,District A,2024-02-03,2024,Feb,Yes,No,Yes,Insecure,False,2
R0746,Male,25-34,1,Central Highlands,East Plains,District B,2024-02-09,2024,Feb,No,No,No,Secure,True,0
R0747,Male,35-49,10,Central Highlands,North Valley,District B,2024-02-12,2024,Feb,Yes,Yes,Yes,Secure,False,2
R0748,Male,18-24,10,Central Highlands,South Ridge,District C,2024-01-31,2024,Jan,Yes,No,No,Insecure,True,0
R0749,Male,25-34,3,Central Highlands,North Valley,District B,2024-02-11,2024,Feb,Yes,Yes,Yes,Insecure,True,0
R0750,Male,25-34,3,Central Highlands,South Ridge,District A,2024-03-28,2024,Mar,Yes,No,Yes,Secure,False,3
R0751,Male,18-24,6,Central Highlands,North Valley,District A,2024-03-20,2024,Mar,Yes,No,No,Insecure,False,3
R0752,Male,18-24,8,Central Highlands,South Ridge,District A,2024-03-22,2024,Mar,No,Yes,Yes,Insecure,True,0
R0753,Male,25-34,2,Central Highlands,North Valley,District B,2024-01-03,2024,Jan,Yes,No,Yes,Insecure,False,3
R0754,Female,18-24,2,Central Highlands,North Valley,District A,2024-04-20,2024,Apr,No,Yes,No,Insecure,False,2
R0755,Male,50+,9,Central Highlands,East Plains,District C,2024-01-13,2024,Jan,No,No,Yes,Secure,False,1
R0756,Male,35-49,2,Central Highlands,East Plains,District A,2024-03-24,2024,Mar,No,Yes,No,Secure,True,0
R0757,Male,35-49,3,Central Highlands,East Plains,District A,2024-01-21,2024,Jan,Yes,No,No,Secure,True,0
R0758,Female,18-24,9,Central Highlands,North Valley,District B,2024-01-31,2024,Jan,Yes,Yes,No,Insecure,False,2
R0759,Male,25-34,3,Central Highlands,North Valley,District C,2024-01-27,2024,Jan,No,Yes,Yes,Insecure,False,3
R0760,Female,35-49,9,Central Highlands,South Ridge,District B,2024-03-07,2024,Mar,No,No,Yes,Insecure,True,0
R0761,Male,35-49,4,Central Highlands,South Ridge,District B,2024-02-01,2024,Feb,No,No,No,Secure,True,0
R0762,Female,25-34,2,Central Highlands,South Ridge,District C,2024-04-15,2024,Apr,Yes,No,No,Secure,False,2
R0763,Male,18-24,10,Central Highlands,East Plains,District B,2024-01-31,2024,Jan,No,No,Yes,Secure,True,0
R0764,Male,25-34,9,Central Highlands,North Valley,District C,2024-03-28,2024,Mar,Yes,No,Yes,Insecure,True,0
R0765,Female,25-34,8,Central Highlands,East Plains,District B,2024-04-17,2024,Apr,Yes,Yes,No,Secure,True,0
R0766,Female,35-49,8,Central Highlands,North Valley,District A,2024-04-18,2024,Apr,No,Yes,Yes,Secure,False,2
R0767,Female,35-49,6,Central Highlands,North Valley,District C,2024-04-09,2024,Apr,No,Yes,Yes,Insecure,True,0
R0768,Male,25-34,10,Central Highlands,South Ridge,District C,2024-01-02,2024,Jan,Yes,Yes,Yes,Insecure,False,2
R0769,Male,35-49,5,Central Highlands,South Ridge,District B,2024-03-21,2024,Mar,Yes,Yes,No,Secure,False,1
R0770,Male,50+,5,Central Highlands,East Plains,District C,2024-04-18,2024,Apr,Yes,No,Yes,Secure,False,1
R0771,Male,25-34,1,Central Highlands,North Valley,District C,2024-03-19,2024,Mar,Yes,Yes,Yes,Insecure,True,0
R0772,Male,35-49,9,Central Highlands,North Valley,District B,2024-01-13,2024,Jan,Yes,No,No,Insecure,False,3
R0773,Male,35-49,10,Central Highlands,South Ridge,District A,2024-01-22,2024,Jan,No,No,No,Insecure,False,1
R0774,Male,35-49,10,Central Highlands,North Valley,District C,2024-04-14,2024,Apr,No,Yes,Yes,Secure,True,0
R0775,Male,18-24,6,Central Highlands,North Valley,District B,2024-03-25,2024,Mar,Yes,No,No,Insecure,True,0
R0776,Male,35-49,1,Central Highlands,East Plains,District B,2024-03-07,2024,Mar,No,Yes,Yes,Secure,False,2
R0777,Male,18-24,10,Central Highlands,South Ridge,District B,2024-02-20,2024,Feb,No,Yes,Yes,Secure,False,3
R0778,Female,25-34,7,Central Highlands,East Plains,District B,2024-04-20,2024,Apr,Yes,Yes,No,Insecure,True,0
R0779,Male,50+,7,Central Highlands,South Ridge,District C,2024-03-26,2024,Mar,No,No,Yes,Insecure,False,3
R0780,Male,18-24,8,Central Highlands,North Valley,District A,2024-03-23,2024,Mar,Yes,Yes,Yes,Secure,False,2
R0781,Female,25-34,5,Central Highlands,South Ridge,District A,2024-01-15,2024,Jan,No,No,No,Secure,True,0
R0782,Male,50+,7,Central Highlands,North Valley,District A,2024-01-21,2024,Jan,Yes,No,Yes,Insecure,False,3
R0783,Male,50+,7,Central Highlands,East Plains,District B,2024-03-01,2024,Mar,No,Yes,No,Secure,True,0
R0784,Male,50+,8,Central Highlands,North Valley,District A,2024-04-27,2024,Apr,Yes,Yes,Yes,Secure,False,2
R0785,Female,35-49,2,Central Highlands,East Plains,District A,2024-03-30,2024,Mar,No,No,No,Secure,False,3
R0786,Female,35-49,6,Central Highlands,East Plains,District A,2024-04-11,2024,Apr,Yes,Yes,No,Secure,False,3
R0787,Male,18-24,2,Central Highlands,East Plains,District C,2024-02-07,2024,Feb,No,No,No,Insecure,True,0
R0788,Male,25-34,1,Central Highlands,North Valley,District C,2024-01-24,2024,Jan,Yes,Yes,No,Insecure,True,0
R0789,Female,50+,3,Central Highlands,South Ridge,District B,2024-02-05,2024,Feb,No,No,No,Secure,False,3
R0790,Male,18-24,8,Central Highlands,North Valley,District B,2024-02-04,2024,Feb,Yes,No,Yes,Secure,False,2
R0791,Male,25-34,5,Central Highlands,East Plains,District B,2024-02-23,2024,Feb,No,Yes,Yes,Secure,True,0
R0792,Male,18-24,9,Central Highlands,North Valley,District A,2024-03-12,2024,Mar,No,No,No,Secure,True,0
R0793,Female,18-24,10,Central Highlands,East Plains,District C,2024-01-27,2024,Jan,Yes,Yes,No,Secure,False,1
R0794,Male,35-49,8,Central Highlands,South Ridge,District B,2024-01-13,2024,Jan,No,Yes,No,Insecure,False,1
R0795,Female,35-49,7,Central Highlands,South Ridge,District C,2024-04-23,2024,Apr,Yes,Yes,No,Secure,False,2
R0796,Male,25-34,8,Central Highlands,East Plains,District B,2024-01-03,2024,Jan,No,No,No,Secure,False,2
R0797,Male,50+,4,Central Highlands,North Valley,District B,2024-01-08,2024,Jan,Yes,Yes,No,Secure,True,0
R0798,Male,35-49,2,Central Highlands,South Ridge,District B,2024-02-16,2024,Feb,No,No,No,Secure,False,1
R0799,Male,35-49,3,Central Highlands,South Ridge,District B,2024-03-03,2024,Mar,No,Yes,No,Secure,False,3
R0800,Male,18-24,2,Central Highlands,North Valley,District A,2024-01-04,2024,Jan,No,Yes,No,Insecure,True,0
R0801,Female,18-24,8,Central Highlands,North Valley,District C,2024-03-27,2024,Mar,Yes,Yes,Yes,Insecure,False,3
R0802,Male,35-49,5,Central Highlands,East Plains,District C,2024-01-21,2024,Jan,No,No,No,Secure,False,3
R0803,Female,25-34,5,Central Highlands,East Plains,District C,2024-03-06,2024,Mar,Yes,No,Yes,Insecure,True,0
R0804,Male,50+,1,Central Highlands,South Ridge,District B,2024-04-11,2024,Apr,No,Yes,Yes,Secure,True,0
R0805,Male,50+,8,Central Highlands,North Valley,District C,2024-03-07,2024,Mar,Yes,No,Yes,Secure,False,2
R0806,Female,50+,7,Central Highlands,East Plains,District B,2024-04-27,2024,Apr,Yes,No,No,Secure,True,0
R0807,Female,50+,1,Central Highlands,East Plains,District A,2024-01-13,2024,Jan,Yes,Yes,No,Secure,True,0
R0808,Male,25-34,6,Central Highlands,South Ridge,District B,2024-01-09,2024,Jan,Yes,No,No,Insecure,True,0
R0809,Male,35-49,2,Central Highlands,East Plains,District A,2024-01-11,2024,Jan,Yes,No,No,Insecure,True,0
R0810,Female,50+,9,Central Highlands,North Valley,District B,2024-03-17,2024,Mar,Yes,No,No,Insecure,False,2
R0811,Male,50+,4,Central Highlands,South Ridge,District A,2024-02-05,2024,Feb,No,No,Yes,Secure,True,0
R0812,Male,35-49,3,Central Highlands,South Ridge,District C,2024-02-19,2024,Feb,Yes,No,No,Secure,False,1
R0813,Male,25-34,3,Central Highlands,East Plains,District A,2024-02-14,2024,Feb,No,No,Yes,Insecure,False,1
R0814,Female,50+,7,Central Highlands,South Ridge,District A,2024-04-11,2024,Apr,No,No,Yes,Insecure,False,1
R0815,Male,50+,10,Central Highlands,North Valley,District C,2024-03-27,2024,Mar,No,No,No,Insecure,False,3
R0816,Male,50+,9,Central Highlands,South Ridge,District B,2024-01-19,2024,Jan,No,No,No,Insecure,False,1
R0817,Female,50+,5,Central Highlands,North Valley,District B,2024-03-22,2024,Mar,No,Yes,Yes,Secure,False,1
R0818,Female,18-24,8,Central Highlands,North Valley,District C,2024-02-04,2024,Feb,Yes,Yes,Yes,Insecure,True,0
R0819,Male,25-34,3,Central Highlands,South Ridge,District B,2024-01-30,2024,Jan,No,No,No,Insecure,True,0
R0820,Male,25-34,9,Central Highlands,North Valley,District A,2024-02-16,2024,Feb,No,Yes,Yes,Secure,False,3
R0821,Male,50+,5,Central Highlands,South Ridge,District C,2024-03-29,2024,Mar,Yes,Yes,Yes,Secure,False,3
R0822,Male,18-24,5,Central Highlands,North Valley,District A,2024-01-29,2024,Jan,No,No,No,Secure,False,2
R0823,Male,50+,7,Central Highlands,South Ridge,District A,2024-01-05,2024,Jan,Yes,Yes,Yes,Secure,False,3
R0824,Female,25-34,1,Central Highlands,East Plains,District B,2024-03-30,2024,Mar,No,No,Yes,Insecure,True,0
R0825,Male,18-24,6,Central Highlands,North Valley,District C,2024-03-30,2024,Mar,No,Yes,Yes,Secure,False,2
R0826,Female,35-49,6,Central Highlands,East Plains,District B,2024-02-08,2024,Feb,Yes,Yes,No,Insecure,False,2
R0827,Female,50+,2,Central Highlands,East Plains,District C,2024-04-12,2024,Apr,No,Yes,No,Secure,False,1
R0828,Female,35-49,2,Central Highlands,East Plains,District A,2024-01-10,2024,Jan,No,No,No,Secure,False,1
R0829,Female,25-34,6,Central Highlands,East Plains,District C,2024-02-20,2024,Feb,Yes,No,Yes,Insecure,False,3
R0830,Female,35-49,1,Central Highlands,North Valley,District A,2024-03-08,2024,Mar,Yes,Yes,Yes,Secure,False,3
R0831,Female,35-49,8,Central Highlands,South Ridge,District A,2024-01-31,2024,Jan,Yes,No,No,Insecure,False,2
R0832,Female,18-24,3,Central Highlands,South Ridge,District C,2024-04-19,2024,Apr,No,No,Yes,Insecure,False,2
R0833,Female,35-49,1,Central Highlands,East Plains,District A,2024-02-09,2024,Feb,No,Yes,Yes,Insecure,True,0
R0834,Male,35-49,9,Central Highlands,South Ridge,District B,2024-04-22,2024,Apr,No,Yes,Yes,Secure,True,0
R0835,Female,18-24,3,Central Highlands,East Plains,District A,2024-01-15,2024,Jan,No,Yes,No,Insecure,True,0
R0836,Female,50+,5,Central Highlands,South Ridge,District C,2024-01-02,2024,Jan,No,Yes,No,Insecure,True,0
R0837,Male,50+,4,Central Highlands,East Plains,District C,2024-02-06,2024,Feb,No,No,No,Secure,True,0
R0838,Female,35-49,9,Central Highlands,South Ridge,District A,2024-03-12,2024,Mar,No,Yes,Yes,Secure,False,3
R0839,Male,18-24,5,Central Highlands,North Valley,District A,2024-01-05,2024,Jan,No,Yes,No,Insecure,False,2
R0840,Male,25-34,7,Central Highlands,North Valley,District C,2024-02-03,2024,Feb,Yes,Yes,No,Secure,False,3
R0841,Male,25-34,1,Central Highlands,North Valley,District C,2024-01-19,2024,Jan,Yes,Yes,Yes,Insecure,False,3
R0842,Female,18-24,2,Central Highlands,North Valley,District C,2024-03-31,2024,Mar,Yes,Yes,No,Insecure,True,0
R0843,Female,25-34,8,Central Highlands,South Ridge,District C,2024-04-12,2024,Apr,Yes,No,No,Insecure,False,2
R0844,Male,25-34,3,Central Highlands,North Valley,District A,2024-04-21,2024,Apr,Yes,Yes,Yes,Insecure,False,2
R0845,Female,35-49,7,Central Highlands,South Ridge,District A,2024-02-24,2024,Feb,Yes,No,Yes,Secure,True,0
R0846,Male,25-34,6,Central Highlands,South Ridge,District B,2024-01-24,2024,Jan,Yes,No,No,Insecure,True,0
R0847,Female,50+,7,Central Highlands,East Plains,District A,2024-01-15,2024,Jan,Yes,Yes,Yes,Secure,False,1
R0848,Female,35-49,5,Central Highlands,North Valley,District C,2024-04-23,2024,Apr,Yes,No,Yes,Insecure,True,0
R0849,Male,18-24,1,Central Highlands,South Ridge,District C,2024-01-29,2024,Jan,Yes,No,No,Insecure,False,3
R0850,Female,35-49,10,Central Highlands,East Plains,District B,2024-03-09,2024,Mar,Yes,Yes,No,Secure,False,2
R0851,Male,50+,5,Central Highlands,East Plains,District C,2024-01-12,2024,Jan,Yes,Yes,Yes,Secure,False,1
R0852,Male,50+,10,Central Highlands,East Plains,District B,2024-01-16,2024,Jan,No,No,No,Secure,False,1
R0853,Female,50+,1,Central Highlands,East Plains,District B,2024-03-11,2024,Mar,No,Yes,No,Insecure,True,0
R0854,Male,18-24,8,Central Highlands,South Ridge,District C,2024-04-14,2024,Apr,No,Yes,Yes,Insecure,False,3
R0855,Female,50+,10,Central Highlands,East Plains,District C,2024-02-05,2024,Feb,Yes,No,No,Insecure,False,1
R0856,Female,50+,9,Central Highlands,East Plains,District A,2024-01-14,2024,Jan,No,No,Yes,Insecure,False,2
R0857,Female,50+,10,Central Highlands,South Ridge,District C,2024-04-11,2024,Apr,Yes,Yes,Yes,Secure,True,0
R0858,Female,18-24,8,Central Highlands,North Valley,District B,2024-03-24,2024,Mar,No,No,No,Insecure,False,2
R0859,Male,25-34,5,Central Highlands,East Plains,District A,2024-03-07,2024,Mar,Yes,Yes,Yes,Insecure,False,1
R0860,Male,35-49,5,Central Highlands,South Ridge,District C,2024-02-04,2024,Feb,No,No,Yes,Secure,False,1
R0861,Female,18-24,10,Central Highlands,South Ridge,District B,2024-01-30,2024,Jan,Yes,Yes,No,Secure,False,1
R0862,Female,18-24,9,Central Highlands,East Plains,District B,2024-01-10,2024,Jan,No,No,Yes,Insecure,False,2
R0863,Male,50+,2,Central Highlands,East Plains,District A,2024-02-28,2024,Feb,No,Yes,No,Insecure,False,3
R0864,Female,25-34,7,Central Highlands,East Plains,District A,2024-01-09,2024,Jan,Yes,Yes,No,Insecure,True,0
R0865,Male,50+,7,Central Highlands,North Valley,District C,2024-02-19,2024,Feb,No,Yes,Yes,Secure,True,0
R0866,Male,25-34,1,Central Highlands,East Plains,District C,2024-04-17,2024,Apr,No,No,Yes,Insecure,True,0
R0867,Male,35-49,6,Central Highlands,North Valley,District C,2024-01-26,2024,Jan,No,Yes,No,Insecure,False,1
R0868,Male,18-24,1,Central Highlands,South Ridge,District A,2024-03-15,2024,Mar,Yes,Yes,No,Insecure,False,1
R0869,Male,25-34,5,Central Highlands,South Ridge,District A,2024-01-24,2024,Jan,Yes,No,Yes,Secure,True,0
R0870,Female,25-34,4,Central Highlands,East Plains,District B,2024-03-22,2024,Mar,Yes,Yes,Yes,Insecure,False,3
R0871,Male,35-49,10,Central Highlands,North Valley,District A,2024-03-18,2024,Mar,No,Yes,No,Insecure,True,0
R0872,Male,50+,1,Central Highlands,East Plains,District A,2024-01-24,2024,Jan,No,No,No,Insecure,False,1
R0873,Female,25-34,6,Central Highlands,South Ridge,District C,2024-03-08,2024,Mar,No,No,Yes,Secure,False,2
R0874,Male,25-34,3,Central Highlands,South Ridge,District A,2024-04-07,2024,Apr,Yes,Yes,No,Insecure,False,3
R0875,Male,18-24,6,Central Highlands,East Plains,District B,2024-01-11,2024,Jan,No,Yes,Yes,Insecure,False,3
R0876,Male,25-34,4,Central Highlands,North Valley,District A,2024-01-06,2024,Jan,No,No,Yes,Secure,False,3
R0877,Female,18-24,8,Central Highlands,North Valley,District B,2024-04-30,2024,Apr,No,Yes,No,Secure,False,1
R0878,Male,50+,1,Central Highlands,North Valley,District A,2024-04-09,2024,Apr,No,Yes,Yes,Insecure,False,1
R0879,Male,50+,5,Central Highlands,East Plains,District C,2024-01-05,2024,Jan,No,No,Yes,Insecure,False,2
R0880,Male,50+,8,Central Highlands,East Plains,District C,2024-01-06,2024,Jan,Yes,Yes,No,Insecure,True,0
R0881,Female,18-24,4,Central Highlands,East Plains,District C,2024-01-28,2024,Jan,Yes,No,No,Secure,True,0
R0882,Male,25-34,10,Central Highlands,South Ridge,District B,2024-01-24,2024,Jan,No,No,Yes,Secure,False,1
R0883,Female,35-49,10,Central Highlands,South Ridge,District B,2024-01-16,2024,Jan,No,No,No,Insecure,True,0
R0884,Female,35-49,3,Central Highlands,South Ridge,District A,2024-02-17,2024,Feb,No,Yes,No,Insecure,False,2
R0885,Male,50+,1,Central Highlands,East Plains,District A,2024-03-15,2024,Mar,Yes,Yes,Yes,Secure,False,1
R0886,Male,18-24,8,Central Highlands,South Ridge,District B,2024-03-12,2024,Mar,No,No,Yes,Insecure,True,0
R0887,Female,25-34,2,Central Highlands,East Plains,District A,2024-03-20,2024,Mar,No,Yes,No,Secure,False,2
R0888,Male,35-49,8,Central Highlands,South Ridge,District C,2024-02-20,2024,Feb,No,No,Yes,Secure,False,2
R0889,Female,25-34,3,Central Highlands,North Valley,District A,2024-01-25,2024,Jan,Yes,Yes,No,Secure,False,2
R0890,Female,35-49,2,Central Highlands,East Plains,District B,2024-01-25,2024,Jan,Yes,Yes,Yes,Secure,False,2
R0891,Male,25-34,9,Central Highlands,East Plains,District C,2024-02-10,2024,Feb,No,No,Yes,Insecure,False,2
R0892,Male,50+,5,Central Highlands,North Valley,District B,2024-04-15,2024,Apr,No,No,Yes,Insecure,False,3
R0893,Male,18-24,3,Central Highlands,North Valley,District A,2024-03-16,2024,Mar,No,No,No,Secure,False,3
R0894,Male,50+,8,Central Highlands,East Plains,District C,2024-04-18,2024,Apr,No,Yes,No,Secure,True,0
R0895,Male,35-49,4,Central Highlands,South Ridge,District C,2024-04-26,2024,Apr,No,No,Yes,Secure,False,3
R0896,Male,35-49,9,Central Highlands,North Valley,District C,2024-03-03,2024,Mar,Yes,No,No,Insecure,False,2
R0897,Female,35-49,9,Central Highlands,South Ridge,District C,2024-03-05,2024,Mar,Yes,No,No,Secure,True,0
R0898,Male,25-34,5,Central Highlands,North Valley,District A,2024-02-04,2024,Feb,Yes,No,No,Insecure,False,3
R0899,Female,50+,10,Central Highlands,East Plains,District B,2024-04-15,2024,Apr,Yes,Yes,Yes,Insecure,True,0
R0900,Female,35-49,10,Central Highlands,South Ridge,District C,2024-02-29,2024,Feb,No,Yes,No,Insecure,True,0
R0901,Female,18-24,10,Central Highlands,North Valley,District B,2024-03-27,2024,Mar,Yes,No,Yes,Insecure,True,0
R0902,Female,35-49,6,Central Highlands,South Ridge,District A,2024-03-11,2024,Mar,Yes,Yes,No,Insecure,True,0
R0903,Female,50+,1,Central Highlands,North Valley,District B,2024-04-03,2024,Apr,Yes,Yes,No,Insecure,True,0
R0904,Male,50+,5,Central Highlands,South Ridge,District B,2024-02-28,2024,Feb,Yes,No,Yes,Insecure,True,0
R0905,Male,50+,4,Central Highlands,South Ridge,District A,2024-04-09,2024,Apr,Yes,No,No,Insecure,False,3
R0906,Female,25-34,9,Central Highlands,East Plains,District A,2024-02-29,2024,Feb,No,Yes,No,Secure,False,2
R0907,Female,50+,7,Central Highlands,East Plains,District A,2024-02-07,2024,Feb,No,Yes,No,Secure,False,1
R0908,Female,35-49,3,Central Highlands,South Ridge,District B,2024-02-08,2024,Feb,No,Yes,Yes,Secure,False,3
R0909,Female,35-49,6,Central Highlands,South Ridge,District C,2024-04-20,2024,Apr,Yes,No,Yes,Insecure,False,3
R0910,Female,18-24,8,Central Highlands,North Valley,District C,2024-03-18,2024,Mar,Yes,No,Yes,Secure,False,1
R0911,Female,50+,5,Central Highlands,North Valley,District B,2024-03-20,2024,Mar,Yes,No,Yes,Insecure,False,1
R0912,Male,18-24,5,Central Highlands,East Plains,District B,2024-03-22,2024,Mar,Yes,No,Yes,Secure,True,0
R0913,Female,18-24,7,Central Highlands,North Valley,District A,2024-04-08,2024,Apr,Yes,Yes,No,Secure,True,0
R0914,Male,25-34,4,Central Highlands,South Ridge,District A,2024-02-22,2024,Feb,No,Yes,Yes,Secure,False,1
R0915,Female,25-34,6,Central Highlands,East Plains,District A,2024-01-02,2024,Jan,Yes,Yes,No,Insecure,False,3
R0916,Male,18-24,3,Central Highlands,North Valley,District C,2024-01-23,2024,Jan,No,Yes,No,Secure,True,0
R0917,Male,35-49,1,Central Highlands,East Plains,District B,2024-03-14,2024,Mar,No,No,No,Secure,True,0
R0918,Male,18-24,7,Central Highlands,North Valley,District C,2024-04-19,2024,Apr,No,Yes,No,Insecure,False,2
R0919,Female,18-24,8,Central Highlands,North Valley,District B,2024-03-04,2024,Mar,No,Yes,No,Insecure,False,1
R0920,Female,35-49,7,Central Highlands,South Ridge,District A,2024-02-19,2024,Feb,No,Yes,No,Insecure,False,2
R0921,Male,35-49,2,Central Highlands,East Plains,District A,2024-03-05,2024,Mar,No,Yes,No,Insecure,False,1
R0922,Female,50+,4,Central Highlands,South Ridge,District C,2024-03-02,2024,Mar,No,Yes,Yes,Secure,False,1
R0923,Female,25-34,4,Central Highlands,North Valley,District A,2024-03-19,2024,Mar,Yes,No,Yes,Insecure,False,2
R0924,Female,18-24,9,Central Highlands,East Plains,District C,2024-03-21,2024,Mar,No,No,Yes,Insecure,True,0
R0925,Male,35-49,4,Central Highlands,North Valley,District C,2024-01-19,2024,Jan,No,No,No,Insecure,False,2
R0926,Female,35-49,2,Central Highlands,North Valley,District B,2024-04-07,2024,Apr,Yes,Yes,No,Secure,True,0
R0927,Female,18-24,1,Central Highlands,East Plains,District B,2024-03-12,2024,Mar,Yes,No,Yes,Insecure,True,0
R0928,Female,25-34,8,Central Highlands,East Plains,District A,2024-03-11,2024,Mar,No,Yes,Yes,Insecure,True,0
R0929,Male,35-49,9,Central Highlands,North Valley,District A,2024-02-02,2024,Feb,No,No,No,Insecure,False,1
R0930,Female,18-24,9,Central Highlands,North Valley,District B,2024-01-14,2024,Jan,Yes,Yes,No,Secure,False,1
R0931,Female,35-49,3,Central Highlands,East Plains,District C,2024-02-21,2024,Feb,No,No,Yes,Insecure,True,0
R0932,Male,50+,6,Central Highlands,South Ridge,District A,2024-04-12,2024,Apr,No,Yes,Yes,Insecure,True,0
R0933,Female,25-34,4,Central Highlands,East Plains,District C,2024-01-27,2024,Jan,No,Yes,Yes,Secure,False,1
R0934,Female,25-34,5,Central Highlands,North Valley,District B,2024-02-27,2024,Feb,Yes,No,No,Insecure,True,0
R0935,Female,18-24,4,Central Highlands,North Valley,District B,2024-04-19,2024,Apr,Yes,No,No,Secure,True,0
R0936,Female,50+,7,Central Highlands,East Plains,District A,2024-04-22,2024,Apr,No,No,Yes,Insecure,False,3
R0937,Male,18-24,10,Central Highlands,South Ridge,District B,2024-03-01,2024,Mar,Yes,No,Yes,Secure,False,1
R0938,Male,25-34,1,Central Highlands,North Valley,District C,2024-02-02,2024,Feb,Yes,Yes,No,Insecure,False,3
R0939,Male,25-34,3,Central Highlands,South Ridge,District B,2024-01-13,2024,Jan,No,Yes,No,Secure,True,0
R0940,Female,50+,3,Central Highlands,South Ridge,District B,2024-01-12,2024,Jan,No,Yes,No,Secure,False,1
R0941,Male,50+,4,Central Highlands,South Ridge,District A,2024-03-24,2024,Mar,Yes,Yes,Yes,Secure,True,0
R0942,Male,50+,3,Central Highlands,East Plains,District B,2024-04-10,2024,Apr,No,Yes,No,Secure,False,3
R0943,Male,35-49,6,Central Highlands,North Valley,District C,2024-04-08,2024,Apr,No,No,Yes,Insecure,False,3
R0944,Male,35-49,8,Central Highlands,East Plains,District B,2024-02-20,2024,Feb,Yes,Yes,Yes,Insecure,True,0
R0945,Male,35-49,2,Central Highlands,North Valley,District A,2024-04-07,2024,Apr,Yes,No,Yes,Secure,True,0
R0946,Male,35-49,2,Central Highlands,North Valley,District A,2024-03-29,2024,Mar,Yes,No,No,Insecure,False,2
R0947,Male,18-24,9,Central Highlands,East Plains,District C,2024-03-20,2024,Mar,Yes,Yes,No,Secure,True,0
R0948,Female,18-24,2,Central Highlands,South Ridge,District B,2024-01-16,2024,Jan,Yes,Yes,Yes,Insecure,False,3
R0949,Male,35-49,10,Central Highlands,South Ridge,District B,2024-01-07,2024,Jan,Yes,Yes,Yes,Secure,True,0
R0950,Male,50+,8,Central Highlands,East Plains,District C,2024-04-29,2024,Apr,No,Yes,No,Secure,True,0
R0951,Male,18-24,6,Central Highlands,East Plains,District C,2024-02-06,2024,Feb,Yes,No,No,Secure,True,0
R0952,Female,35-49,2,Central Highlands,South Ridge,District C,2024-01-18,2024,Jan,No,Yes,Yes,Secure,True,0
R0953,Male,50+,9,Central Highlands,North Valley,District A,2024-03-21,2024,Mar,No,No,Yes,Secure,False,2
R0954,Female,35-49,3,Central Highlands,North Valley,District A,2024-02-20,2024,Feb,Yes,Yes,No,Insecure,False,2
R0955,Female,18-24,7,Central Highlands,North Valley,District B,2024-01-20,2024,Jan,Yes,Yes,No,Insecure,True,0
R0956,Male,18-24,2,Central Highlands,North Valley,District B,2024-01-27,2024,Jan,Yes,No,Yes,Secure,False,3
R0957,Male,18-24,2,Central Highlands,South Ridge,District C,2024-03-13,2024,Mar,Yes,Yes,Yes,Secure,True,0
R0958,Male,18-24,4,Central Highlands,East Plains,District C,2024-03-01,2024,Mar,Yes,Yes,Yes,Insecure,False,1
R0959,Male,18-24,6,Central Highlands,North Valley,District A,2024-03-07,2024,Mar,Yes,No,Yes,Insecure,True,0
R0960,Male,18-24,4,Central Highlands,South Ridge,District B,2024-04-09,2024,Apr,Yes,Yes,Yes,Secure,False,2
R0961,Female,50+,3,Central Highlands,East Plains,District B,2024-04-07,2024,Apr,Yes,Yes,No,Secure,True,0
R0962,Female,50+,3,Central Highlands,South Ridge,District A,2024-02-24,2024,Feb,No,No,No,Insecure,False,3
R0963,Male,25-34,7,Central Highlands,North Valley,District C,2024-03-19,2024,Mar,Yes,Yes,No,Insecure,True,0
R0964,Male,18-24,1,Central Highlands,South Ridge,District C,2024-03-02,2024,Mar,Yes,No,No,Insecure,False,3
R0965,Male,35-49,1,Central Highlands,North Valley,District B,2024-01-09,2024,Jan,No,Yes,No,Secure,True,0
R0966,Female,35-49,1,Central Highlands,South Ridge,District A,2024-04-19,2024,Apr,Yes,No,Yes,Secure,False,1
R0967,Female,35-49,1,Central Highlands,South Ridge,District C,2024-04-29,2024,Apr,No,Yes,Yes,Secure,True,0
R0968,Male,50+,4,Central Highlands,South Ridge,District A,2024-03-15,2024,Mar,Yes,No,No,Insecure,False,1
R0969,Male,25-34,8,Central Highlands,North Valley,District C,2024-03-28,2024,Mar,No,No,Yes,Insecure,False,3
R0970,Female,50+,8,Central Highlands,East Plains,District A,2024-04-04,2024,Apr,No,No,No,Secure,False,3
R0971,Male,18-24,5,Central Highlands,East Plains,District A,2024-02-27,2024,Feb,Yes,No,No,Secure,False,2
R0972,Female,18-24,9,Central Highlands,East Plains,District A,2024-01-06,2024,Jan,No,Yes,Yes,Insecure,False,3
R0973,Male,50+,1,Central Highlands,East Plains,District C,2024-03-14,2024,Mar,No,Yes,Yes,Secure,False,1
R0974,Female,35-49,2,Central Highlands,East Plains,District B,2024-04-30,2024,Apr,Yes,Yes,No,Secure,False,2
R0975,Male,35-49,1,Central Highlands,North Valley,District B,2024-02-22,2024,Feb,Yes,No,No,Secure,False,1
R0976,Female,50+,8,Central Highlands,East Plains,District B,2024-04-23,2024,Apr,No,Yes,Yes,Insecure,True,0
R0977,Male,25-34,4,Central Highlands,East Plains,District B,2024-04-12,2024,Apr,No,Yes,No,Secure,True,0
R0978,Male,25-34,9,Central Highlands,North Valley,District A,2024-04-27,2024,Apr,Yes,No,Yes,Insecure,True,0
R0979,Female,50+,10,Central Highlands,North Valley,District B,2024-01-08,2024,Jan,Yes,Yes,Yes,Insecure,False,2
R0980,Female,25-34,6,Central Highlands,South Ridge,District C,2024-03-07,2024,Mar,Yes,No,Yes,Insecure,False,1
R0981,Male,35-49,9,Central Highlands,East Plains,District C,2024-04-08,2024,Apr,No,Yes,No,Insecure,False,1
R0982,Male,25-34,8,Central Highlands,East Plains,District C,2024-01-31,2024,Jan,Yes,Yes,No,Insecure,True,0
R0983,Female,18-24,5,Central Highlands,South Ridge,District B,2024-02-10,2024,Feb,Yes,Yes,No,Insecure,False,3
R0984,Male,18-24,10,Central Highlands,North Valley,District A,2024-02-17,2024,Feb,No,No,No,Secure,False,3
R0985,Female,50+,2,Central Highlands,South Ridge,District B,2024-01-16,2024,Jan,No,No,No,Secure,False,3
R0986,Female,18-24,3,Central Highlands,South Ridge,District A,2024-04-27,2024,Apr,No,Yes,Yes,Insecure,True,0
R0987,Male,25-34,10,Central Highlands,North Valley,District C,2024-02-05,2024,Feb,Yes,Yes,No,Insecure,False,2
R0988,Male,25-34,4,Central Highlands,North Valley,District C,2024-04-24,2024,Apr,No,Yes,Yes,Insecure,False,1
R0989,Male,35-49,8,Central Highlands,East Plains,District B,2024-04-05,2024,Apr,No,No,No,Secure,True,0
R0990,Female,18-24,9,Central Highlands,South Ridge,District B,2024-04-17,2024,Apr,Yes,No,Yes,Insecure,True,0
R0991,Male,18-24,2,Central Highlands,East Plains,District B,2024-04-01,2024,Apr,Yes,Yes,No,Secure,False,2
R0992,Female,50+,2,Central Highlands,East Plains,District B,2024-03-15,2024,Mar,No,No,Yes,Insecure,True,0
R0993,Female,18-24,2,Central Highlands,North Valley,District C,2024-02-18,2024,Feb,No,No,Yes,Insecure,False,3
R0994,Male,35-49,10,Central Highlands,East Plains,District B,2024-04-25,2024,Apr,Yes,Yes,No,Insecure,False,2
R0995,Female,18-24,3,Central Highlands,North Valley,District B,2024-03-03,2024,Mar,No,Yes,Yes,Secure,False,1
R0996,Female,35-49,10,Central Highlands,East Plains,District C,2024-03-17,2024,Mar,Yes,Yes,No,Secure,True,0
R0997,Male,50+,6,Central Highlands,North Valley,District C,2024-04-07,2024,Apr,Yes,No,Yes,Insecure,False,3
R0998,Male,50+,10,Central Highlands,South Ridge,District A,2024-02-09,2024,Feb,No,No,Yes,Secure,True,0
R0999,Female,25-34,1,Central Highlands,South Ridge,District B,2024-01-26,2024,Jan,Yes,No,No,Secure,False,1
R1000,Female,35-49,7,Central Highlands,East Plains,District B,2024-02-18,2024,Feb,Yes,No,No,Secure,False,2
